As_Of_Date,ETF_Ticker,Holding_Ticker,Holding_Name,Shares,Weight_Percent,Market_Value,Total_Market_Shares,Contribution_Ratio,Days_Lag,Data_Risk,Price,Open,High,Low,Volume,VWAP
2026-04-20,xsw软件,BBAI,BIGBEAR.AI HOLDINGS INC,652712.0,0.672383,2473778.48,22919946.0,0.0284779030456703,2,False,3.79,3.9,4.07,3.77,39343119.128233,3.8918
2026-04-20,IWC,BBAI,BIGBEAR.AI HOLDINGS INC,1108011.0,0.31,4199361.69,22919946.0,0.0483426531633189,2,False,3.79,3.9,4.07,3.77,39343119.128233,3.8918
2026-04-21,SHLD,BBAI,BIGBEAR.AI HOLDINGS INC,5873314.0,0.27,22259860.06,22919946.0,0.2562533960594846,1,False,3.79,3.9,4.07,3.77,39343119.128233,3.8918
2026-04-20,IWN,BBAI,BIGBEAR.AI HOLDINGS INC,2806286.0,0.08,10635823.94,22919946.0,0.1224385956232183,2,False,3.79,3.9,4.07,3.77,39343119.128233,3.8918
2026-04-20,IWM,BBAI,BIGBEAR.AI HOLDINGS INC,10170339.0,0.05,38545584.81,22919946.0,0.4437331135073354,2,False,3.79,3.9,4.07,3.77,39343119.128233,3.8918
2026-04-20,ISCG,BBAI,BIGBEAR.AI HOLDINGS INC,68818.0,0.03,260820.22,22919946.0,0.0030025376150537,2,False,3.79,3.9,4.07,3.77,39343119.128233,3.8918
2026-04-20,ISCV,BBAI,BIGBEAR.AI HOLDINGS INC,48773.0,0.03,184849.67,22919946.0,0.0021279718547329,2,False,3.79,3.9,4.07,3.77,39343119.128233,3.8918
2026-04-20,ISCB,BBAI,BIGBEAR.AI HOLDINGS INC,19615.0,0.03,74340.85,22919946.0,0.0008558048086151,2,False,3.79,3.9,4.07,3.77,39343119.128233,3.8918
2026-04-20,SMMD,BBAI,BIGBEAR.AI HOLDINGS INC,164091.0,0.02,621904.89,22919946.0,0.0071593100612017,2,False,3.79,3.9,4.07,3.77,39343119.128233,3.8918
2026-04-20,IWO,BBAI,BIGBEAR.AI HOLDINGS INC,824547.0,0.02,3125033.13,22919946.0,0.0359750847580531,2,False,3.79,3.9,4.07,3.77,39343119.128233,3.8918
2026-04-20,IGM,BBAI,BIGBEAR.AI HOLDINGS INC,230920.0,0.01,875186.8,22919946.0,0.0100750673670871,2,False,3.79,3.9,4.07,3.77,39343119.128233,3.8918
2026-04-20,ITOT,BBAI,BIGBEAR.AI HOLDINGS INC,590719.0,0.0,2238825.01,22919946.0,0.025773141001292,2,False,3.79,3.9,4.07,3.77,39343119.128233,3.8918
2026-04-20,IWV,BBAI,BIGBEAR.AI HOLDINGS INC,116799.0,0.0,442668.21,22919946.0,0.0050959544145522,2,False,3.79,3.9,4.07,3.77,39343119.128233,3.8918
2026-04-20,SMLF,BBAI,BIGBEAR.AI HOLDINGS INC,245002.0,,928557.58,22919946.0,0.010689466720384,2,False,3.79,3.9,4.07,3.77,39343119.128233,3.8918
2026-04-20,FITE,ONDS,ONDAS INC,144680.0,1.300356,1572671.6,5516966.0,0.0262245589332977,2,False,10.87,10.9,11.29,10.64,80844604.473081,10.9621
2026-04-20,HAIL,ONDS,ONDAS INC,21208.0,1.114327,230530.96,5516966.0,0.0038441418707311,2,False,10.87,10.9,11.29,10.64,80844604.473081,10.9621
2026-04-20,KOMP,ONDS,ONDAS INC,1935515.0,0.776963,21039048.05,5516966.0,0.3508296045326362,2,False,10.87,10.9,11.29,10.64,80844604.473081,10.9621
2026-04-20,ISCG,ONDS,ONDAS INC,131573.0,0.15,1430198.51,5516966.0,0.0238487966030604,2,False,10.87,10.9,11.29,10.64,80844604.473081,10.9621
2026-04-20,ISCB,ONDS,ONDAS INC,18751.0,0.07,203823.37,5516966.0,0.0033987883920256,2,False,10.87,10.9,11.29,10.64,80844604.473081,10.9621
2026-04-20,IGM,ONDS,ONDAS INC,234049.0,0.03,2544112.63,5516966.0,0.0424234987128795,2,False,10.87,10.9,11.29,10.64,80844604.473081,10.9621
2026-04-20,ITOT,ONDS,ONDAS INC,576952.0,0.01,6271468.239999999,5516966.0,0.104577769737932,2,False,10.87,10.9,11.29,10.64,80844604.473081,10.9621
2026-04-20,DWAS,ONDS,Ondas Inc,414149.0,,4501799.63,5516966.0,0.0750682530941825,2,False,10.87,10.9,11.29,10.64,80844604.473081,10.9621
2026-04-20,PTF,ONDS,Ondas Inc,1870039.0,,20327323.93,5516966.0,0.3389614871652281,2,False,10.87,10.9,11.29,10.64,80844604.473081,10.9621
2026-04-20,SMLF,ONDS,ONDAS INC,170050.0,,1848443.5,5516966.0,0.0308231009580265,2,False,10.87,10.9,11.29,10.64,80844604.473081,10.9621
2026-04-20,IVVW,PFE,PFIZER INC,27.52,677056.7,751.5712,294594011.52,9.341669865591165e-08,2,False,27.31,27.52,27.62,27.2,29828829.938233,27.4023
2026-04-20,pph制药,PFE,Pfizer Inc,1878437.0,5.13,51300114.47,294594011.52,0.0063763584001858,2,False,27.31,27.52,27.62,27.2,29828829.938233,27.4023
2026-04-20,IHE,PFE,PFIZER INC,1583975.0,4.54,43258357.25,294594011.52,0.0053768065135718,2,False,27.31,27.52,27.62,27.2,29828829.938233,27.4023
2026-04-20,truh医疗保健,PFE,Pfizer Inc,550.0,2.95,15020.5,294594011.52,1.866976172265676e-06,2,False,27.31,27.52,27.62,27.2,29828829.938233,27.4023
2026-04-20,XLV,PFE,PFIZER INC,41919905.0,2.946352,1144832605.55,294594011.52,0.1422972068702559,2,False,27.31,27.52,27.62,27.2,29828829.938233,27.4023
2026-04-21,FLAG,PFE,PFIZER INC,1720.0,2.85,46973.2,294594011.52,5.838543665994477e-06,1,False,27.31,27.52,27.62,27.2,29828829.938233,27.4023
2026-04-20,IYH,PFE,PFIZER INC,3001016.0,2.83,81957746.96,294594011.52,0.0101869552083419,2,False,27.31,27.52,27.62,27.2,29828829.938233,27.4023
2026-04-20,DVY,PFE,PFIZER INC,18964680.0,2.31,517925410.8,294594011.52,0.0643756466811698,2,False,27.31,27.52,27.62,27.2,29828829.938233,27.4023
2026-04-20,XPH,PFE,PFIZER INC,233331.0,1.76854,6372269.609999999,294594011.52,0.0007920425768198,2,False,27.31,27.52,27.62,27.2,29828829.938233,27.4023
2026-04-20,VLUE,PFE,PFIZER INC,6740125.0,1.61,184072813.75,294594011.52,0.0228793686783494,2,False,27.31,27.52,27.62,27.2,29828829.938233,27.4023
2026-04-20,BALI,PFE,PFIZER INC,453981.0,1.32,12398221.11,294594011.52,0.0015410394721115,2,False,27.31,27.52,27.62,27.2,29828829.938233,27.4023
2026-04-20,SPYD,PFE,PFIZER INC,3394572.0,1.281837,92705761.32,294594011.52,0.011522881889164,2,False,27.31,27.52,27.62,27.2,29828829.938233,27.4023
2026-04-20,DIVB,PFE,PFIZER INC,443649.0,0.93,12116054.19,294594011.52,0.0015059674760899,2,False,27.31,27.52,27.62,27.2,29828829.938233,27.4023
2026-04-20,IWX,PFE,PFIZER INC,929122.0,0.72,25374321.82,294594011.52,0.0031539066093233,2,False,27.31,27.52,27.62,27.2,29828829.938233,27.4023
2026-04-20,VLU,PFE,PFIZER INC,149943.0,0.607826,4094943.33,294594011.52,0.0005089818330873,2,False,27.31,27.52,27.62,27.2,29828829.938233,27.4023
2026-04-20,SPYV,PFE,PFIZER INC,6701384.0,0.554969,183014797.04,294594011.52,0.0227478622712771,2,False,27.31,27.52,27.62,27.2,29828829.938233,27.4023
2026-04-20,IVE,PFE,PFIZER INC,9826751.0,0.55,268368569.81,294594011.52,0.0333569272141598,2,False,27.31,27.52,27.62,27.2,29828829.938233,27.4023
2026-04-20,LCTU,PFE,PFIZER INC,284016.0,0.55,7756476.96,294594011.52,0.0009640929173494,2,False,27.31,27.52,27.62,27.2,29828829.938233,27.4023
2026-04-20,IUSV,PFE,PFIZER INC,4816038.0,0.52,131525997.78,294594011.52,0.0163480512558655,2,False,27.31,27.52,27.62,27.2,29828829.938233,27.4023
2026-04-20,ILCV,PFE,PFIZER INC,220952.0,0.5,6034199.12,294594011.52,0.0007500220349353,2,False,27.31,27.52,27.62,27.2,29828829.938233,27.4023
2026-04-20,IWD,PFE,PFIZER INC,12888848.0,0.48,351994438.88,294594011.52,0.0437512220071893,2,False,27.31,27.52,27.62,27.2,29828829.938233,27.4023
2026-04-20,LRGF,PFE,PFIZER INC,506867.0,0.44,13842537.77,294594011.52,0.0017205611118323,2,False,27.31,27.52,27.62,27.2,29828829.938233,27.4023
2026-04-20,USCL,PFE,PFIZER INC,354187.0,0.4,9672846.97,294594011.52,0.0012022885264113,2,False,27.31,27.52,27.62,27.2,29828829.938233,27.4023
2026-04-20,BTHM,PFE,PFIZER INC,1166780.0,0.4,31864761.8,294594011.52,0.0039606371968657,2,False,27.31,27.52,27.62,27.2,29828829.938233,27.4023
2026-04-21,EGLE,PFE,PFIZER INC,289.0,0.39,7892.589999999999,294594011.52,9.81011115972328e-07,1,False,27.31,27.52,27.62,27.2,29828829.938233,27.4023
2026-04-20,IWL,PFE,PFIZER INC,229515.0,0.3,6268054.649999999,294594011.52,0.0007790891566864,2,False,27.31,27.52,27.62,27.2,29828829.938233,27.4023
2026-04-20,XVV,PFE,PFIZER INC,66533.0,0.29,1817016.23,294594011.52,0.0002258464103079,2,False,27.31,27.52,27.62,27.2,29828829.938233,27.4023
2026-04-20,SPYX,PFE,PFIZER INC,245837.0,0.264141,6713808.47,294594011.52,0.000834494220475,2,False,27.31,27.52,27.62,27.2,29828829.938233,27.4023
2026-04-20,IVV,PFE,PFIZER INC,72793090.0,0.26,1987979287.9,294594011.52,0.2470962991556197,2,False,27.31,27.52,27.62,27.2,29828829.938233,27.4023
2026-04-20,SPY,PFE,PFIZER INC,67621262.0,0.257226,1846736665.22,294594011.52,0.2295405179864262,2,False,27.31,27.52,27.62,27.2,29828829.938233,27.4023
2026-04-21,XYLG,PFE,PFIZER INC,5842.0,0.25,159545.02,294594011.52,1.983068145159287e-05,1,False,27.31,27.52,27.62,27.2,29828829.938233,27.4023
2026-04-20,ILCB,PFE,PFIZER INC,110246.0,0.25,3010818.26,294594011.52,0.0003742302819774,2,False,27.31,27.52,27.62,27.2,29828829.938233,27.4023
2026-04-20,DYNF,PFE,PFIZER INC,2959995.0,0.24,80837463.45,294594011.52,0.01004770933641,2,False,27.31,27.52,27.62,27.2,29828829.938233,27.4023
2026-04-20,IWB,PFE,PFIZER INC,4026896.0,0.24,109974529.76,294594011.52,0.0136693070548944,2,False,27.31,27.52,27.62,27.2,29828829.938233,27.4023
2026-04-20,IYY,PFE,PFIZER INC,244121.0,0.24,6666944.51,294594011.52,0.0008286692548175,2,False,27.31,27.52,27.62,27.2,29828829.938233,27.4023
2026-04-20,SPTM,PFE,PFIZER INC,1096437.0,0.23427,29943694.47,294594011.52,0.0037218577334372,2,False,27.31,27.52,27.62,27.2,29828829.938233,27.4023
2026-04-20,ITOT,PFE,PFIZER INC,7215607.0,0.23,197058227.17,294594011.52,0.024493393340788,2,False,27.31,27.52,27.62,27.2,29828829.938233,27.4023
2026-04-20,IWV,PFE,PFIZER INC,1551147.0,0.23,42361824.57,294594011.52,0.0052653717976025,2,False,27.31,27.52,27.62,27.2,29828829.938233,27.4023
2026-04-20,MMTM,PFE,PFIZER INC,13734.0,0.228287,375075.54,294594011.52,4.662009227253962e-05,2,False,27.31,27.52,27.62,27.2,29828829.938233,27.4023
2026-04-20,EVUS,PFE,PFIZER INC,23649.0,0.21,645854.19,294594011.52,8.027658090529267e-05,2,False,27.31,27.52,27.62,27.2,29828829.938233,27.4023
2026-04-20,SIZE,PFE,PFIZER INC,26660.0,0.18,728084.6,294594011.52,9.04974268229144e-05,2,False,27.31,27.52,27.62,27.2,29828829.938233,27.4023
2026-04-20,EUSA,PFE,PFIZER INC,106984.0,0.18,2921733.04,294594011.52,0.0003631574160248,2,False,27.31,27.52,27.62,27.2,29828829.938233,27.4023
2026-04-20,ESGU,PFE,PFIZER INC,570085.0,0.1,15569021.35,294594011.52,0.0019351547475746,2,False,27.31,27.52,27.62,27.2,29828829.938233,27.4023
2026-04-20,IQSZ,PFE,Pfizer Inc,10291.0,,281047.21,294594011.52,3.493282143415649e-05,2,False,27.31,27.52,27.62,27.2,29828829.938233,27.4023
2026-04-20,PBP,PFE,Pfizer Inc,31462.0,,859227.22,294594011.52,0.0001067978260578,2,False,27.31,27.52,27.62,27.2,29828829.938233,27.4023
2026-04-21,EQAL,PFE,Pfizer Inc,24458.0,,667947.98,294594011.52,8.302273312958892e-05,1,False,27.31,27.52,27.62,27.2,29828829.938233,27.4023
2026-04-21,BMVP,PFE,Pfizer Inc,64260.0,,1754940.6,294594011.52,0.0002181307069632,1,False,27.31,27.52,27.62,27.2,29828829.938233,27.4023
2026-04-20,PBUS,PFE,Pfizer Inc,981702.0,,26810281.62,294594011.52,0.0033323895313919,2,False,27.31,27.52,27.62,27.2,29828829.938233,27.4023
2026-04-21,RSP,PFE,Pfizer Inc,6217914.0,,169811231.34,294594011.52,0.021106722325813,1,False,27.31,27.52,27.62,27.2,29828829.938233,27.4023
2026-04-21,SPHD,PFE,Pfizer Inc,3681908.0,,100552907.48,294594011.52,0.0124982445535897,1,False,27.31,27.52,27.62,27.2,29828829.938233,27.4023
2026-04-20,QQHG,PFE,Pfizer Inc,555.0,,15157.05,294594011.52,1.8839486829226368e-06,2,False,27.31,27.52,27.62,27.2,29828829.938233,27.4023
2026-04-20,PHDG,PFE,Pfizer Inc,4383.0,,119699.73,294594011.52,1.487810284189174e-05,2,False,27.31,27.52,27.62,27.2,29828829.938233,27.4023
2026-04-20,IUS,PFE,Pfizer Inc,172681.0,,4715918.109999999,294594011.52,0.0005861660225509,2,False,27.31,27.52,27.62,27.2,29828829.938233,27.4023
2026-04-20,RSPH,PFE,Pfizer Inc,456167.0,,12457920.77,294594011.52,0.0015484598537707,2,False,27.31,27.52,27.62,27.2,29828829.938233,27.4023
2026-04-21,EQWL,PFE,Pfizer Inc,874228.0,,23875166.68,294594011.52,0.0029675688093226,1,False,27.31,27.52,27.62,27.2,29828829.938233,27.4023
2026-04-20,PEY,PFE,Pfizer Inc,928132.0,,25347284.92,294594011.52,0.0031505460522132,2,False,27.31,27.52,27.62,27.2,29828829.938233,27.4023
2026-04-21,RSPA,PFE,Pfizer Inc,39306.0,,1073446.86,294594011.52,0.0001334243007764,1,False,27.31,27.52,27.62,27.2,29828829.938233,27.4023
2026-04-20,KLMN,PFE,Pfizer Inc,235919.0,,6442947.89,294594011.52,0.0008008275483359,2,False,27.31,27.52,27.62,27.2,29828829.938233,27.4023
2026-04-20,PRF,PFE,Pfizer Inc,2937627.0,,80226593.36999999,294594011.52,0.009971781112735,2,False,27.31,27.52,27.62,27.2,29828829.938233,27.4023
2026-04-20,PFM,PFE,Pfizer Inc,159158.0,,4346604.98,294594011.52,0.0005402621702281,2,False,27.31,27.52,27.62,27.2,29828829.938233,27.4023
2026-04-20,KLMT,PFE,Pfizer Inc,111280.0,,3039056.8,294594011.52,0.0003777401971813,2,False,27.31,27.52,27.62,27.2,29828829.938233,27.4023
2026-04-20,OMFL,PFE,Pfizer Inc,75485.0,,2061495.35,294594011.52,0.0002562339933881,2,False,27.31,27.52,27.62,27.2,29828829.938233,27.4023
2026-04-21,RPV,PFE,Pfizer Inc,267263.0,,7298952.529999999,294594011.52,0.0009072248231422,1,False,27.31,27.52,27.62,27.2,29828829.938233,27.4023
2026-04-21,QVML,PFE,Pfizer Inc,154880.0,,4229772.8,294594011.52,0.00052574049011,1,False,27.31,27.52,27.62,27.2,29828829.938233,27.4023
2026-04-20,PJP,PFE,Pfizer Inc,785364.0,,21448290.84,294594011.52,0.0026659197719186,2,False,27.31,27.52,27.62,27.2,29828829.938233,27.4023
2026-04-21,RWL,PFE,Pfizer Inc,1010803.0,,27605029.93,294594011.52,0.0034311729379175,1,False,27.31,27.52,27.62,27.2,29828829.938233,27.4023
2026-04-20,IVVW,VZ,VERIZON COMMUNICATIONS INC,46.44,847410.35,2148.7788,236917888.44,1.9601727968194785e-07,2,False,46.27,46.52,47.015,46.13,28976008.247006,46.4592
2026-04-20,IYZ,VZ,VERIZON COMMUNICATIONS INC,2287020.0,11.33,105820415.4,236917888.44,0.0096532178935876,2,False,46.27,46.52,47.015,46.13,28976008.247006,46.4592
2026-04-20,XLC,VZ,VERIZON COMMUNICATIONS INC,21266195.0,3.786093,983986842.65,236917888.44,0.0897618796960775,2,False,46.27,46.52,47.015,46.13,28976008.247006,46.4592
2026-04-21,FLAG,VZ,VERIZON COMMUNICATIONS INC,1318.0,3.7,60983.86,236917888.44,5.563108841963981e-06,1,False,46.27,46.52,47.015,46.13,28976008.247006,46.4592
2026-04-20,SDY,VZ,VERIZON COMMUNICATIONS INC,15183885.0,3.346628,702558358.95,236917888.44,0.0640892298170442,2,False,46.27,46.52,47.015,46.13,28976008.247006,46.4592
2026-04-21,GXPC,VZ,VERIZON COMMUNICATIONS INC,41548.0,2.98,1922425.96,236917888.44,0.0001753687755431,1,False,46.27,46.52,47.015,46.13,28976008.247006,46.4592
2026-04-20,VLUE,VZ,VERIZON COMMUNICATIONS INC,6689138.0,2.7,309506415.26000005,236917888.44,0.0282339929840039,2,False,46.27,46.52,47.015,46.13,28976008.247006,46.4592
2026-04-20,DVY,VZ,VERIZON COMMUNICATIONS INC,8782890.0,1.81,406384320.3,236917888.44,0.0370714514544742,2,False,46.27,46.52,47.015,46.13,28976008.247006,46.4592
2026-04-20,DIVB,VZ,VERIZON COMMUNICATIONS INC,442476.0,1.57,20473364.52,236917888.44,0.001867634406644,2,False,46.27,46.52,47.015,46.13,28976008.247006,46.4592
2026-04-20,USMV,VZ,VERIZON COMMUNICATIONS INC,7128856.0,1.44,329852167.12,236917888.44,0.0300899862266221,2,False,46.27,46.52,47.015,46.13,28976008.247006,46.4592
2026-04-20,VLU,VZ,VERIZON COMMUNICATIONS INC,210409.0,1.439333,9735624.430000002,236917888.44,0.0008881093841644,2,False,46.27,46.52,47.015,46.13,28976008.247006,46.4592
2026-04-20,SPYD,VZ,VERIZON COMMUNICATIONS INC,2239691.0,1.427183,103630502.57,236917888.44,0.0094534482590039,2,False,46.27,46.52,47.015,46.13,28976008.247006,46.4592
2026-04-21,EGLE,VZ,VERIZON COMMUNICATIONS INC,494.0,1.12,22857.38,236917888.44,2.085110597822615e-06,1,False,46.27,46.52,47.015,46.13,28976008.247006,46.4592
2026-04-20,IWX,VZ,VERIZON COMMUNICATIONS INC,690522.0,0.9,31950452.94,236917888.44,0.002914604737307,2,False,46.27,46.52,47.015,46.13,28976008.247006,46.4592
2026-04-20,DYNF,VZ,VERIZON COMMUNICATIONS INC,6084684.0,0.85,281538328.68,236917888.44,0.0256826702283435,2,False,46.27,46.52,47.015,46.13,28976008.247006,46.4592
2026-04-20,USXF,VZ,VERIZON COMMUNICATIONS INC,222804.0,0.8,10309141.08,236917888.44,0.0009404270883345,2,False,46.27,46.52,47.015,46.13,28976008.247006,46.4592
2026-04-20,BALI,VZ,VERIZON COMMUNICATIONS INC,162051.0,0.79,7498099.77,236917888.44,0.0006839964726472,2,False,46.27,46.52,47.015,46.13,28976008.247006,46.4592
2026-04-20,EVUS,VZ,VERIZON COMMUNICATIONS INC,50913.0,0.78,2355744.51,236917888.44,0.000214897238597,2,False,46.27,46.52,47.015,46.13,28976008.247006,46.4592
2026-04-20,SPYV,VZ,VERIZON COMMUNICATIONS INC,4967648.0,0.694223,229853072.96,236917888.44,0.0209678046377577,2,False,46.27,46.52,47.015,46.13,28976008.247006,46.4592
2026-04-20,IVE,VZ,VERIZON COMMUNICATIONS INC,7288346.0,0.69,337231769.42,236917888.44,0.0307631730469596,2,False,46.27,46.52,47.015,46.13,28976008.247006,46.4592
2026-04-20,IUSV,VZ,VERIZON COMMUNICATIONS INC,3575856.0,0.66,165454857.12,236917888.44,0.0150932292345902,2,False,46.27,46.52,47.015,46.13,28976008.247006,46.4592
2026-04-20,LGLV,VZ,VERIZON COMMUNICATIONS INC,160264.0,0.642173,7415415.28,236917888.44,0.0006764537749988,2,False,46.27,46.52,47.015,46.13,28976008.247006,46.4592
2026-04-20,ILCV,VZ,VERIZON COMMUNICATIONS INC,164541.0,0.62,7613312.07,236917888.44,0.0006945064430694,2,False,46.27,46.52,47.015,46.13,28976008.247006,46.4592
2026-04-20,SUSL,VZ,VERIZON COMMUNICATIONS INC,138936.0,0.61,6428568.720000001,236917888.44,0.0005864310243301,2,False,46.27,46.52,47.015,46.13,28976008.247006,46.4592
2026-04-20,IWD,VZ,VERIZON COMMUNICATIONS INC,9582052.0,0.61,443361546.04,236917888.44,0.040444611688436,2,False,46.27,46.52,47.015,46.13,28976008.247006,46.4592
2026-04-20,DSI,VZ,VERIZON COMMUNICATIONS INC,648867.0,0.6,30023076.090000004,236917888.44,0.0027387843284966,2,False,46.27,46.52,47.015,46.13,28976008.247006,46.4592
2026-04-21,KRMA,VZ,VERIZON COMMUNICATIONS INC,14918.0,0.6,690255.8600000001,236917888.44,6.296696335691856e-05,1,False,46.27,46.52,47.015,46.13,28976008.247006,46.4592
2026-04-21,DJIA,VZ,VERIZON COMMUNICATIONS INC,21248.0,0.58,983144.96,236917888.44,8.968508093630552e-05,1,False,46.27,46.52,47.015,46.13,28976008.247006,46.4592
2026-04-21,DYLG,VZ,VERIZON COMMUNICATIONS INC,732.0,0.58,33869.64,236917888.44,3.08967805183432e-06,1,False,46.27,46.52,47.015,46.13,28976008.247006,46.4592
2026-04-20,LRGF,VZ,VERIZON COMMUNICATIONS INC,396082.0,0.58,18326714.14,236917888.44,0.0016718112870582,2,False,46.27,46.52,47.015,46.13,28976008.247006,46.4592
2026-04-20,DIA,VZ,VERIZON COMMUNICATIONS INC,5741512.0,0.57814,265659760.24,236917888.44,0.0242341852605783,2,False,46.27,46.52,47.015,46.13,28976008.247006,46.4592
2026-04-20,BTHM,VZ,VERIZON COMMUNICATIONS INC,927708.0,0.54,42925049.16,236917888.44,0.0039157364017911,2,False,46.27,46.52,47.015,46.13,28976008.247006,46.4592
2026-04-20,BLCV,VZ,VERIZON COMMUNICATIONS INC,35939.0,0.53,1662897.53,236917888.44,0.0001516939064274,2,False,46.27,46.52,47.015,46.13,28976008.247006,46.4592
2026-04-20,truc通信服务,VZ,Verizon Communications Inc,4408.0,0.51,203958.16,236917888.44,1.86056022574941e-05,2,False,46.27,46.52,47.015,46.13,28976008.247006,46.4592
2026-04-20,USCL,VZ,VERIZON COMMUNICATIONS INC,262141.0,0.5,12129264.07,236917888.44,0.0011064635166474,2,False,46.27,46.52,47.015,46.13,28976008.247006,46.4592
2026-04-20,SUSA,VZ,VERIZON COMMUNICATIONS INC,359314.0,0.44,16625458.78,236917888.44,0.0015166182780284,2,False,46.27,46.52,47.015,46.13,28976008.247006,46.4592
2026-04-20,ESGU,VZ,VERIZON COMMUNICATIONS INC,1387777.0,0.4,64212441.79000001,236917888.44,0.0058576286034705,2,False,46.27,46.52,47.015,46.13,28976008.247006,46.4592
2026-04-20,IWL,VZ,VERIZON COMMUNICATIONS INC,170766.0,0.38,7901342.82,236917888.44,0.000720781369125,2,False,46.27,46.52,47.015,46.13,28976008.247006,46.4592
2026-04-20,XVV,VZ,VERIZON COMMUNICATIONS INC,49476.0,0.36,2289254.52,236917888.44,0.000208831846028,2,False,46.27,46.52,47.015,46.13,28976008.247006,46.4592
2026-04-20,LCTU,VZ,VERIZON COMMUNICATIONS INC,112214.0,0.36,5192141.78,236917888.44,0.0004736408919515,2,False,46.27,46.52,47.015,46.13,28976008.247006,46.4592
2026-04-20,SPYX,VZ,VERIZON COMMUNICATIONS INC,182335.0,0.330599,8436640.450000001,236917888.44,0.0007696126333076,2,False,46.27,46.52,47.015,46.13,28976008.247006,46.4592
2026-04-20,SPY,VZ,VERIZON COMMUNICATIONS INC,50050344.0,0.32128,2315829416.88,236917888.44,0.2112560783381933,2,False,46.27,46.52,47.015,46.13,28976008.247006,46.4592
2026-04-21,XYLG,VZ,VERIZON COMMUNICATIONS INC,4354.0,0.32,201459.58,236917888.44,1.837767518809649e-05,1,False,46.27,46.52,47.015,46.13,28976008.247006,46.4592
2026-04-20,ILCB,VZ,VERIZON COMMUNICATIONS INC,81913.0,0.32,3790114.51,236917888.44,0.0003457442599179,2,False,46.27,46.52,47.015,46.13,28976008.247006,46.4592
2026-04-20,IVV,VZ,VERIZON COMMUNICATIONS INC,53989856.0,0.32,2498110637.1200004,236917888.44,0.2278842528755403,2,False,46.27,46.52,47.015,46.13,28976008.247006,46.4592
2026-04-20,MMTM,VZ,VERIZON COMMUNICATIONS INC,11259.0,0.315812,520953.93000000005,236917888.44,4.752279396940248e-05,2,False,46.27,46.52,47.015,46.13,28976008.247006,46.4592
2026-04-20,IWB,VZ,VERIZON COMMUNICATIONS INC,2995329.0,0.3,138593872.83,236917888.44,0.0126428992750312,2,False,46.27,46.52,47.015,46.13,28976008.247006,46.4592
2026-04-20,IYY,VZ,VERIZON COMMUNICATIONS INC,181061.0,0.3,8377692.470000001,236917888.44,0.0007642352428185,2,False,46.27,46.52,47.015,46.13,28976008.247006,46.4592
2026-04-20,SPTM,VZ,VERIZON COMMUNICATIONS INC,817303.0,0.294686,37816609.81,236917888.44,0.0034497310666644,2,False,46.27,46.52,47.015,46.13,28976008.247006,46.4592
2026-04-20,IWV,VZ,VERIZON COMMUNICATIONS INC,1150013.0,0.29,53211101.510000005,236917888.44,0.0048540572751695,2,False,46.27,46.52,47.015,46.13,28976008.247006,46.4592
2026-04-20,ITOT,VZ,VERIZON COMMUNICATIONS INC,5340857.0,0.28,247121453.39,236917888.44,0.0225430719274394,2,False,46.27,46.52,47.015,46.13,28976008.247006,46.4592
2026-04-20,SIZE,VZ,VERIZON COMMUNICATIONS INC,16871.0,0.19,780621.17,236917888.44,7.121032570013226e-05,2,False,46.27,46.52,47.015,46.13,28976008.247006,46.4592
2026-04-20,EUSA,VZ,VERIZON COMMUNICATIONS INC,59514.0,0.17,2753712.7800000003,236917888.44,0.0002512009557061,2,False,46.27,46.52,47.015,46.13,28976008.247006,46.4592
2026-04-20,IQSZ,VZ,Verizon Communications Inc,8090.0,,374324.3000000001,236917888.44,3.4146851693086955e-05,2,False,46.27,46.52,47.015,46.13,28976008.247006,46.4592
2026-04-20,PBP,VZ,Verizon Communications Inc,23335.0,,1079710.4500000002,236917888.44,9.849404008135772e-05,2,False,46.27,46.52,47.015,46.13,28976008.247006,46.4592
2026-04-21,XLG,VZ,Verizon Communications Inc,1213563.0,,56151560.010000005,236917888.44,0.0051222936688773,1,False,46.27,46.52,47.015,46.13,28976008.247006,46.4592
2026-04-20,RSPC,VZ,Verizon Communications Inc,58403.0,,2702306.81,236917888.44,0.0002465115672968,2,False,46.27,46.52,47.015,46.13,28976008.247006,46.4592
2026-04-21,EQAL,VZ,Verizon Communications Inc,75273.0,,3482881.7100000004,236917888.44,0.0003177176721253,1,False,46.27,46.52,47.015,46.13,28976008.247006,46.4592
2026-04-20,DJD,VZ,Verizon Communications Inc,934706.0,,43248846.620000005,236917888.44,0.0039452740616364,2,False,46.27,46.52,47.015,46.13,28976008.247006,46.4592
2026-04-21,BMVP,VZ,Verizon Communications Inc,35945.0,,1663175.15,236917888.44,0.0001517192316573,1,False,46.27,46.52,47.015,46.13,28976008.247006,46.4592
2026-04-20,PBUS,VZ,Verizon Communications Inc,728012.0,,33685115.24,236917888.44,0.0030728452156721,2,False,46.27,46.52,47.015,46.13,28976008.247006,46.4592
2026-04-21,RSP,VZ,Verizon Communications Inc,3352092.0,,155101296.84,236917888.44,0.0141487501094664,1,False,46.27,46.52,47.015,46.13,28976008.247006,46.4592
2026-04-21,SPHD,VZ,Verizon Communications Inc,2350627.0,,108763511.29,236917888.44,0.0099216948769797,1,False,46.27,46.52,47.015,46.13,28976008.247006,46.4592
2026-04-20,QQHG,VZ,Verizon Communications Inc,1806.0,,83563.62000000001,236917888.44,7.622894209853528e-06,2,False,46.27,46.52,47.015,46.13,28976008.247006,46.4592
2026-04-20,KNCT,VZ,Verizon Communications Inc,69968.0,,3237419.3600000003,236917888.44,0.0002953259479928,2,False,46.27,46.52,47.015,46.13,28976008.247006,46.4592
2026-04-20,PHDG,VZ,Verizon Communications Inc,3251.0,,150423.77000000002,236917888.44,1.3722053752067452e-05,2,False,46.27,46.52,47.015,46.13,28976008.247006,46.4592
2026-04-21,SPVM,VZ,Verizon Communications Inc,40122.0,,1856444.94,236917888.44,0.0001693498125624,1,False,46.27,46.52,47.015,46.13,28976008.247006,46.4592
2026-04-20,IUS,VZ,Verizon Communications Inc,151783.0,,7022999.41,236917888.44,0.0006406565624884,2,False,46.27,46.52,47.015,46.13,28976008.247006,46.4592
2026-04-21,EQWL,VZ,Verizon Communications Inc,470908.0,,21788913.16,236917888.44,0.0019876422295535,1,False,46.27,46.52,47.015,46.13,28976008.247006,46.4592
2026-04-20,PEY,VZ,Verizon Communications Inc,448665.0,,20759729.55,236917888.44,0.00189375738132,2,False,46.27,46.52,47.015,46.13,28976008.247006,46.4592
2026-04-21,RSPA,VZ,Verizon Communications Inc,20712.0,,958344.24,236917888.44,8.742269372895142e-05,1,False,46.27,46.52,47.015,46.13,28976008.247006,46.4592
2026-04-20,KLMN,VZ,Verizon Communications Inc,169894.0,,7860995.380000001,236917888.44,0.0007171007690414,2,False,46.27,46.52,47.015,46.13,28976008.247006,46.4592
2026-04-21,QVMT,VZ,Verizon Communications Inc,47312.0,,2189126.24,236917888.44,0.0001996978797655,1,False,46.27,46.52,47.015,46.13,28976008.247006,46.4592
2026-04-20,PRF,VZ,Verizon Communications Inc,1551434.0,,71784851.18,236917888.44,0.0065484037959966,2,False,46.27,46.52,47.015,46.13,28976008.247006,46.4592
2026-04-20,PFM,VZ,Verizon Communications Inc,118052.0,,5462266.04,236917888.44,0.0004982823406764,2,False,46.27,46.52,47.015,46.13,28976008.247006,46.4592
2026-04-20,PWV,VZ,Verizon Communications Inc,937099.0,,43359570.73,236917888.44,0.003955374607508,2,False,46.27,46.52,47.015,46.13,28976008.247006,46.4592
2026-04-20,KLMT,VZ,Verizon Communications Inc,80061.0,,3704422.47,236917888.44,0.0003379272056118,2,False,46.27,46.52,47.015,46.13,28976008.247006,46.4592
2026-04-20,OMFL,VZ,Verizon Communications Inc,75764.0,,3505600.2800000003,236917888.44,0.0003197901201081,2,False,46.27,46.52,47.015,46.13,28976008.247006,46.4592
2026-04-21,RPV,VZ,Verizon Communications Inc,255916.0,,11841233.32,236917888.44,0.0010801885905918,1,False,46.27,46.52,47.015,46.13,28976008.247006,46.4592
2026-04-21,QVML,VZ,Verizon Communications Inc,112194.0,,5191216.38,236917888.44,0.0004735564745184,1,False,46.27,46.52,47.015,46.13,28976008.247006,46.4592
2026-04-21,RWL,VZ,Verizon Communications Inc,1202448.0,,55637268.96,236917888.44,0.0050753786804263,1,False,46.27,46.52,47.015,46.13,28976008.247006,46.4592
2026-04-20,DIVG,VZ,Verizon Communications Inc,3759.0,,173928.93000000002,236917888.44,1.5866256553067226e-05,2,False,46.27,46.52,47.015,46.13,28976008.247006,46.4592
