Holding_Ticker,Shares_Change,Change_Pct,Price,Price_Change_Pct,VWAP,Volume,Volume_Change_Pct,Shares_T0,Shares_T1
C,2058828.0,1.7054%,131.68,-1.03%,132.7528,8071863.834677,-20.46%,122780131.05,120721303.05
AGE AU,490230.0,0.1869%,0.0,0.00%,0.0,0.0,0.00%,262808206.0,262317976.0
1164 HK,322400.0,0.0729%,0.0,0.00%,0.0,0.0,0.00%,442458100.0,442135700.0
ASN AU,160368.0,0.2190%,0.0,0.00%,0.0,0.0,0.00%,73385019.0,73224651.0
AFC LN,148030.0,1.1305%,0.0,0.00%,0.0,0.0,0.00%,13242535.0,13094505.0
NEL NO,136400.0,1.1306%,0.0,0.00%,0.0,0.0,0.00%,12201120.0,12064720.0
NVDA,124055.0,0.0092%,199.88,-1.08%,200.6955,107894969.864327,-4.55%,1346091961.06,1345967906.06
DYL AU,110162.0,0.1021%,0.0,0.00%,0.0,0.0,0.00%,108015841.0,107905679.0
DML CN,108550.0,0.1869%,0.0,0.00%,0.0,0.0,0.00%,58191018.0,58082468.0
AEE AU,102414.0,0.2110%,0.0,0.00%,0.0,0.0,0.00%,48637975.0,48535561.0
863 HK,100000.0,1.2405%,0.0,0.00%,0.0,0.0,0.00%,8161500.0,8061500.0
FUU CN,73372.0,0.1869%,0.0,0.00%,0.0,0.0,0.00%,39341032.0,39267660.0
NXE CN,72280.0,0.1870%,0.0,0.00%,0.0,0.0,0.00%,38733173.0,38660893.0
INTC,71637.0,0.0161%,66.26,0.85%,66.5496,91374383.348898,-5.64%,443961268.7,443889631.7
SSW SJ,62998.0,0.1848%,0.0,0.00%,0.0,0.0,0.00%,34152834.0,34089836.0
UEC,56212.0,0.0726%,14.45,-4.49%,14.6761,7439368.881331,20.74%,77439893.0,77383681.0
PDN AU,53820.0,0.0998%,0.0,0.00%,0.0,0.0,0.00%,54002807.0,53948987.0
AAPL,52732.0,0.0068%,266.17,-2.52%,267.583,50192035.966818,37.20%,774293455.05,774240723.05
BKY SM,52494.0,0.1805%,0.0,0.00%,0.0,0.0,0.00%,29142317.0,29089823.0
EL8 AU,48854.0,0.1869%,0.0,0.00%,0.0,0.0,0.00%,26187039.0,26138185.0
BOE AU,47658.0,0.1869%,0.0,0.00%,0.0,0.0,0.00%,25553620.0,25505962.0
CSCO,47266.0,0.0143%,89.7,2.27%,89.1371,18645678.084395,11.71%,330297715.71000004,330250449.71000004
GLO CN,47138.0,0.1869%,0.0,0.00%,0.0,0.0,0.00%,25268331.0,25221193.0
PLUG,42853.0,0.0667%,3.08,-4.35%,3.1326,82122718.083229,-26.83%,64265462.0,64222609.0
URG,42744.0,0.0965%,1.7,-0.58%,1.6951,11422893.322105,-49.82%,44350200.0,44307456.0
NFLX,42445.0,0.0140%,92.58,-2.37%,93.1923,61913961.365391,0.53%,302326425.83,302283980.83
MGA CN,40534.0,0.1869%,0.0,0.00%,0.0,0.0,0.00%,21731330.0,21690796.0
WMT,39750.0,0.0124%,129.6,1.31%,129.218,17307187.76043,-8.58%,321057198.92,321017448.92
SASK CN,38012.0,0.1869%,0.0,0.00%,0.0,0.0,0.00%,20380978.0,20342966.0
AMZN,36187.0,0.0073%,249.91,0.66%,251.8686,42912554.900431,8.76%,494559391.28,494523204.28
ITM LN,35818.0,1.1305%,0.0,0.00%,0.0,0.0,0.00%,3204117.0,3168299.0
PEN AU,35568.0,0.1869%,0.0,0.00%,0.0,0.0,0.00%,19070331.0,19034763.0
PLTR,33390.0,0.0177%,145.97,0.05%,147.0668,44815641.612066,33.83%,188580707.89,188547317.89
WBD,32499.0,0.0153%,27.31,-0.40%,27.3438,24607433.210796,65.76%,212709583.42,212677084.42
AEU AU,31876.0,0.2290%,0.0,0.00%,0.0,0.0,0.00%,13952502.0,13920626.0
AVGO,31574.0,0.0116%,402.17,0.64%,400.734,16272275.086377,-3.82%,271441231.63,271409657.63
GOOGL,31165.0,0.0106%,332.29,-1.52%,334.4186,23114777.220609,23.07%,293863836.42,293832671.42
U-U CN,29874.0,0.1869%,0.0,0.00%,0.0,0.0,0.00%,16015579.0,15985705.0
YCA LN,29224.0,0.0894%,0.0,0.00%,0.0,0.0,0.00%,32719038.0,32689814.0
LI CN,28860.0,0.1884%,0.0,0.00%,0.0,0.0,0.00%,15347704.0,15318844.0
CMCSA,28469.0,0.0099%,29.05,-2.29%,29.2861,37222465.188491,67.88%,288818685.73,288790216.73
EFR CN,28392.0,0.1868%,0.0,0.00%,0.0,0.0,0.00%,15224988.0,15196596.0
GOOG,27626.0,0.0114%,330.47,-1.47%,332.3614,14616105.352964,13.36%,243009779.4,242982153.4
SLX AU,27586.0,0.0864%,0.0,0.00%,0.0,0.0,0.00%,31965950.0,31938364.0
LOT AU,27352.0,0.1947%,0.0,0.00%,0.0,0.0,0.00%,14077564.0,14050212.0
CCO CN,27248.0,0.1870%,0.0,0.00%,0.0,0.0,0.00%,14600621.0,14573373.0
MSFT,27094.0,0.0068%,424.16,1.46%,424.4974,32038475.86148,19.42%,398891480.07,398864386.07
047040 KS,24882.0,0.1869%,0.0,0.00%,0.0,0.0,0.00%,13336035.0,13311153.0
CVV CN,24726.0,0.1869%,0.0,0.00%,0.0,0.0,0.00%,13255078.0,13230352.0
LAM CN,24700.0,0.1868%,0.0,0.00%,0.0,0.0,0.00%,13244803.0,13220103.0
SYH CN,24310.0,0.1868%,0.0,0.00%,0.0,0.0,0.00%,13035025.0,13010715.0
AMD,23976.0,0.0166%,284.49,3.47%,281.9333,38942773.162151,11.81%,144541372.95,144517396.95
BMN AU,22542.0,0.1868%,0.0,0.00%,0.0,0.0,0.00%,12087951.0,12065409.0
EU CN,22048.0,0.1869%,0.0,0.00%,0.0,0.0,0.00%,11815751.0,11793703.0
NXT AU,21322.0,0.3012%,0.0,0.00%,0.0,0.0,0.00%,7099947.0,7078625.0
LRCX,20977.0,0.0168%,258.37,-1.82%,260.0015,7826726.386127,36.33%,125202613.16,125181636.16
8001 JP,20644.0,0.1870%,0.0,0.00%,0.0,0.0,0.00%,11062077.0,11041433.0
MU,20525.0,0.0205%,449.38,0.21%,449.3281,27726953.551061,-10.53%,100375330.42,100354805.42
BLDP,20386.0,0.2038%,3.1,-2.21%,3.2371,6561167.094949,43.10%,10022460.0,10002074.0
FSY CN,20384.0,0.2034%,0.0,0.00%,0.0,0.0,0.00%,10040330.0,10019946.0
TSLA,19573.0,0.0119%,386.42,-1.55%,389.6877,50518744.14657,-21.80%,164775219.5,164755646.5
SMR,19097.0,0.0598%,11.67,-8.76%,12.1961,46645493.267748,32.49%,31940206.0,31921109.0
CSX,16821.0,0.0119%,43.37,-0.78%,43.4433,11441119.43209,45.75%,141877790.71,141860969.71
OKLO,14560.0,0.0703%,62.61,-8.10%,64.9001,15255763.968991,18.33%,20722264.0,20707704.0
GILD,14471.0,0.0137%,133.29,-1.90%,133.1467,6069368.623195,56.80%,105809136.87,105794665.87
URC CN,14300.0,0.1867%,0.0,0.00%,0.0,0.0,0.00%,7672322.0,7658022.0
EXC,13203.0,0.0125%,46.27,-0.28%,46.3008,10098930.16202,18.39%,106015530.4,106002327.4
PEP,12949.0,0.0125%,154.92,-1.32%,155.0517,6356292.993924,10.93%,103514350.99,103501401.99
SHOP,12934.0,0.0389%,131.13,-2.97%,133.3898,6995096.225885,22.83%,33244019.0,33231085.0
JNJ,12548.0,0.0091%,226.16,-1.96%,226.0469,11679819.489842,49.55%,137457143.69,137444595.69
SESG FP,12405.0,71.4286%,0.0,0.00%,0.0,0.0,0.00%,29772.0,17367.0
MNST,11808.0,0.0169%,75.27,-2.54%,75.4901,5481140.185166,9.88%,70016864.23,70005056.23
META,11232.0,0.0093%,668.84,-0.31%,671.2143,8655071.132156,-28.36%,121397260.91,121386028.91
AMAT,11121.0,0.0144%,394.33,0.69%,394.6128,5412207.945252,44.48%,77291806.62,77280685.62
QCOM,10679.0,0.0094%,135.56,-1.43%,136.2387,11869262.24306,49.27%,113549363.52,113538684.52
XOM,10118.0,0.0041%,148.36,0.46%,147.9529,17515086.161909,7.10%,244390773.68,244380655.68
TMUS,10106.0,0.0177%,195.39,-1.50%,199.0269,11134807.673581,143.60%,56984770.36,56974664.36
LUMN,9996.0,0.0082%,8.73,0.69%,8.7037,8194245.802983,-33.51%,121666058.0,121656062.0
TXN,9959.0,0.0116%,233.15,-0.24%,233.4659,6831950.931897,11.63%,85649678.7,85639719.7
SBUX,9688.0,0.0123%,97.8,-1.16%,97.7815,4562598.508202,-30.67%,78677836.95,78668148.95
MDLZ,9240.0,0.0083%,56.13,-2.06%,56.2745,7300874.211108,35.67%,111731982.31,111722742.31
7011 JP,9022.0,0.1867%,0.0,0.00%,0.0,0.0,0.00%,4841721.0,4832699.0
NCLH,9017.0,0.0272%,19.33,-4.59%,19.6046,19323905.414857,-33.02%,33164446.26,33155429.26
PL,8720.0,0.0646%,38.03,1.41%,38.3415,10305900.939038,14.54%,13512918.0,13504198.0
ROIV,8624.0,0.0201%,29.29,0.72%,29.184,2946112.617441,-37.96%,42921607.0,42912983.0
APA,8616.0,0.0197%,37.6,4.55%,36.9852,6843858.947833,7.35%,43789278.97,43780662.97
IVZ,8549.0,0.0211%,24.97,0.08%,25.1025,4251692.640755,-44.92%,40564587.95,40556038.95
AEP,8270.0,0.0163%,131.89,-1.04%,132.4057,2451086.046993,-7.35%,50795179.28,50786909.28
BHP AU,8268.0,0.0616%,0.0,0.00%,0.0,0.0,0.00%,13421969.0,13413701.0
WUC CN,8138.0,0.1871%,0.0,0.00%,0.0,0.0,0.00%,4357646.0,4349508.0
KHC,8102.0,0.0085%,21.98,-1.04%,21.9859,13635812.811323,-16.93%,95575400.21,95567298.21
006360 KS,7982.0,0.1871%,0.0,0.00%,0.0,0.0,0.00%,4274548.0,4266566.0
KAP LI,7904.0,0.1137%,0.0,0.00%,0.0,0.0,0.00%,6958869.0,6950965.0
KDP,7900.0,0.0071%,26.44,-0.23%,26.4842,16323725.676301,64.62%,111275275.5,111267375.5
HOOD,7779.0,0.0174%,86.43,-5.31%,88.0787,36962086.145347,2.86%,44687331.28,44679552.28
XEL,7757.0,0.0115%,79.08,-1.54%,79.2783,3846573.650903,-4.82%,67580690.32,67572933.32
ORLY,7726.0,0.0123%,93.81,1.06%,93.4991,4831570.468904,-5.11%,63021511.83,63013785.83
MCHP,7707.0,0.0110%,80.93,0.67%,80.9711,8516988.160211,-8.96%,70044215.39,70036508.39
PCELL SS,7632.0,1.1305%,0.0,0.00%,0.0,0.0,0.00%,682706.0,675074.0
NLY,7576.0,0.0113%,22.6,-0.22%,22.6941,7020927.934064,43.38%,67244046.0,67236470.0
FER,7568.0,0.0411%,70.25,-1.99%,70.6139,1612880.889923,27.00%,18433558.0,18425990.0
ARE CN,7540.0,0.1872%,0.0,0.00%,0.0,0.0,0.00%,4035591.0,4028051.0
MRVL,7507.0,0.0136%,151.31,2.35%,151.6652,31896438.013782,-16.90%,55112033.0,55104526.0
PANW,7502.0,0.0115%,174.96,3.18%,175.1206,5854941.009046,24.71%,65469126.56,65461624.56
APH,7198.0,0.0101%,151.93,-0.58%,152.801,7368958.528103,20.79%,71138560.81,71131362.81
ADI,7162.0,0.0153%,375.27,-1.52%,376.5569,3295870.092176,-17.67%,46718711.05,46711549.05
ELAN,7136.0,0.0167%,22.61,-4.52%,22.9468,4863804.208183,80.69%,42787431.0,42780295.0
BKNG,7130.0,0.0123%,190.86,-0.61%,191.6287,4281160.161145,-20.30%,57974093.03,57966963.03
FCX,7057.0,0.0094%,67.57,-3.72%,68.5525,17087751.793873,39.01%,75226333.18,75219276.18
FAST,7056.0,0.0066%,45.7,0.31%,45.6844,6421031.948909,18.35%,107474852.56,107467796.56
PDD,7015.0,0.0357%,98.99,-5.00%,100.1782,11658500.467892,115.40%,19635388.0,19628373.0
CWR LN,6982.0,1.0559%,0.0,0.00%,0.0,0.0,0.00%,668192.0,661210.0
BKR,6826.0,0.0069%,60.25,1.83%,60.0447,5465877.287716,-23.02%,99479175.17,99472349.17
9348 JP,6745.0,71.4286%,0.0,0.00%,0.0,0.0,0.00%,16188.0,9443.0
2582 HK,6600.0,1.1561%,0.0,0.00%,0.0,0.0,0.00%,577500.0,570900.0
HPE,6425.0,0.0072%,28.76,3.42%,28.9475,22865117.584006,10.93%,89253433.81,89247008.81
WDC,6396.0,0.0209%,383.81,2.59%,380.1672,6122861.563506,13.19%,30621581.11,30615185.11
KO,6363.0,0.0031%,74.7,-1.03%,74.8561,11804984.557201,16.41%,205775301.48,205768938.48
TTD,6354.0,0.0110%,23.2,-3.53%,23.4981,19404561.462873,-7.64%,57636088.05,57629734.05
RDW,6205.0,0.0559%,10.31,0.98%,10.5625,30121926.494482,36.75%,11098687.0,11092482.0
COTY,6163.0,0.0215%,2.35,-0.84%,2.3511,5616182.862444,-24.40%,28671444.0,28665281.0
FTI,6104.0,0.0163%,72.37,3.06%,71.9478,2459976.576762,-28.05%,37425952.0,37419848.0
GEHC,5897.0,0.0152%,72.26,-2.55%,72.8738,2719430.120459,21.11%,38732553.15,38726656.15
RKLB,5885.0,0.0281%,86.64,-3.15%,88.8372,27444419.257857,-4.78%,20925006.0,20919121.0
DOW,5781.0,0.0125%,38.31,4.19%,37.8118,13519401.555315,8.78%,46179952.77,46174171.77
HON,5735.0,0.0111%,222.22,-3.27%,223.1124,4893752.436163,52.09%,51699201.74,51693466.74
APG,5688.0,0.0190%,48.5,-0.45%,48.6404,3231772.037729,-5.52%,29930517.0,29924829.0
SATL,5540.0,0.1803%,7.21,7.61%,7.1625,11821115.648021,80.15%,3077489.0,3071949.0
CPRT,5418.0,0.0080%,33.74,-0.06%,33.9604,6323372.20805,-59.16%,67935038.75999999,67929620.75999999
186A JP,5340.0,71.4286%,0.0,0.00%,0.0,0.0,0.00%,12816.0,7476.0
LUNR,5245.0,0.0485%,27.82,1.09%,28.2645,14440580.347186,-9.16%,10808620.0,10803375.0
AMGN,5087.0,0.0106%,344.86,-1.51%,344.7942,2065933.317957,-1.97%,47909500.16,47904413.16
NNE,4966.0,0.0691%,23.78,-6.85%,24.6353,1945680.258783,29.22%,7195823.0,7190857.0
DASH,4923.0,0.0174%,182.45,-3.87%,185.1181,3565141.465997,-4.02%,28316840.8,28311917.8
CCEP,4807.0,0.0409%,95.88,-1.46%,96.2098,1765127.740786,89.67%,11759819.0,11755012.0
PYPL,4805.0,0.0069%,50.88,-1.13%,51.3441,13540730.673784,3.45%,69823302.46000001,69818497.46000001
FCEL,4795.0,0.2679%,9.49,9.71%,9.6004,18823829.090703,191.35%,1794352.0,1789557.0
LIN,4774.0,0.0143%,494.84,-0.66%,495.069,1544376.425357,-10.08%,33452573.15,33447799.15
VSAT,4745.0,0.0249%,62.53,-2.42%,63.1273,1233704.417407,-13.43%,19068478.0,19063733.0
NEM,4739.0,0.0075%,109.3,-4.82%,110.6174,8549806.352083,33.79%,63188795.84,63184056.84
FLY,4695.0,0.3501%,42.09,-1.64%,43.1597,4918423.917843,0.65%,1345635.0,1340940.0
FTNT,4659.0,0.0073%,85.26,3.22%,84.9993,5155909.389876,27.35%,64217208.6,64212549.6
TRI,4647.0,0.0394%,96.72,1.91%,96.6043,1929080.537105,84.53%,11790350.0,11785703.0
CEG,4543.0,0.0158%,277.7,-3.43%,279.6658,3394693.726448,36.91%,28677443.56,28672900.56
034020 KS,4498.0,0.1872%,0.0,0.00%,0.0,0.0,0.00%,2407578.0,2403080.0
MO,4441.0,0.0048%,64.65,0.06%,64.6714,5722704.89339,-4.09%,93240815.61,93236374.61
DDOG,4414.0,0.0143%,129.29,-0.35%,131.3858,4721887.983263,20.46%,30865047.74,30860633.74
RTX,4396.0,0.0053%,187.17,-4.40%,189.3638,7489386.184518,50.17%,82890437.78999999,82886041.78999999
OVZON SS,4395.0,71.4286%,0.0,0.00%,0.0,0.0,0.00%,10548.0,6153.0
SPCE,4350.0,0.6399%,2.92,0.00%,2.9884,13623912.471554,65.59%,684122.0,679772.0
MRNA,4349.0,0.0170%,54.23,-0.66%,54.4254,6195363.145814,13.88%,25605966.59,25601617.59
PM,4336.0,0.0059%,153.25,-2.73%,154.7,5146660.544566,19.02%,73522776.55,73518440.55
STX,4329.0,0.0264%,559.9,3.73%,553.1237,3561889.294856,22.20%,16386531.75,16382202.75
ISO CN,4160.0,0.0898%,0.0,0.00%,0.0,0.0,0.00%,4637053.0,4632893.0
CCL,4156.0,0.0062%,27.36,-5.69%,27.7724,29153167.553792,52.42%,66981837.01,66977681.01
IRDM,4095.0,0.0319%,42.93,2.85%,43.0996,2575929.233364,-3.81%,12836884.0,12832789.0
MGM,4076.0,0.0277%,39.11,-0.74%,39.3875,2795702.772898,-18.72%,14731645.4,14727569.4
000720 KS,4030.0,0.1872%,0.0,0.00%,0.0,0.0,0.00%,2156907.0,2152877.0
FE,4009.0,0.0084%,48.51,-1.90%,48.8092,7993766.485686,105.39%,47701117.45,47697108.45
VIAV,3948.0,0.0130%,44.26,-0.81%,44.3137,4966377.821689,-7.72%,30325894.0,30321946.0
XYZ,3919.0,0.0125%,71.75,-2.90%,72.8648,6366019.484747,10.08%,31349174.89,31345255.89
GILT,3880.0,71.4286%,17.92,-2.40%,18.1097,450309.694668,-14.81%,9312.0,5432.0
FLEX,3827.0,0.0134%,85.14,1.02%,85.6101,5477774.282577,96.99%,28541180.0,28537353.0
336260 KS,3788.0,1.0833%,0.0,0.00%,0.0,0.0,0.00%,353466.0,349678.0
KTOS,3784.0,0.0142%,68.55,-1.83%,68.9446,4179849.711864,0.52%,26643335.0,26639551.0
ADP,3750.0,0.0112%,202.87,0.24%,203.3637,3040421.800681,47.46%,33415981.39,33412231.39
PCAR,3719.0,0.0097%,126.18,-1.66%,126.7464,2984526.829018,32.16%,38206646.31,38202927.31
YSS,3620.0,0.5987%,41.35,7.49%,41.9566,3557326.40447,117.10%,608302.0,604682.0
APP,3590.0,0.0144%,473.18,-3.62%,479.4644,3853177.305121,1.52%,24923588.96,24919998.96
ON,3581.0,0.0093%,86.91,1.58%,86.4302,10033681.47619,8.73%,38456279.56,38452698.56
COST,3570.0,0.0113%,1005.81,0.80%,1001.9997,1366672.248465,-7.37%,31676954.84,31673384.84
DD,3446.0,0.0133%,46.71,-0.62%,46.7815,3570311.564139,61.44%,25860190.0,25856744.0
NXPI,3397.0,0.0130%,224.5,1.43%,224.6837,3361936.674459,35.64%,26126578.34,26123181.34
ISRG,3367.0,0.0122%,451.29,-3.07%,455.9214,3378456.381672,38.34%,27494505.6,27491138.6
CDNS,3336.0,0.0123%,325.84,2.30%,326.2988,3474062.586474,53.19%,27152563.5,27149227.5
HE,3329.0,0.0149%,15.44,-2.22%,15.5107,1446688.367746,10.51%,22420602.0,22417273.0
CTAS,3313.0,0.0114%,176.26,-1.36%,176.9348,1990906.782446,18.41%,29083044.69,29079731.69
MSTR,3312.0,0.0178%,163.97,-4.00%,167.8675,22151589.314983,3.48%,18566979.0,18563667.0
AHR,3256.0,0.0169%,49.52,-1.37%,49.3762,2451796.445744,50.77%,19233089.0,19229833.0
290A JP,3250.0,71.4286%,0.0,0.00%,0.0,0.0,0.00%,7800.0,4550.0
MDA CN,3240.0,71.4286%,0.0,0.00%,0.0,0.0,0.00%,7776.0,4536.0
OHI,3160.0,0.0126%,45.95,-1.20%,45.8583,2239718.95701,29.95%,25148861.0,25145701.0
CRWD,3104.0,0.0152%,449.61,3.80%,451.1084,3669228.43878,27.21%,20359051.15,20355947.15
SMCI,3057.0,0.0079%,28.43,-1.32%,29.1134,29824028.170775,32.05%,38648115.81,38645058.81
ADBE,2921.0,0.0077%,247.18,-0.58%,249.6087,5778432.102978,10.08%,37905452.63,37902531.63
GNL,2910.0,0.0094%,9.53,-1.14%,9.5426,1468429.173062,9.60%,31036350.0,31033440.0
SWKS,2891.0,0.0122%,59.94,0.81%,60.1932,2220281.56838,-16.23%,23764788.46,23761897.46
ARWR,2872.0,0.0170%,71.05,2.60%,71.6268,2208039.594197,84.21%,16926407.0,16923535.0
LYB,2867.0,0.0119%,71.42,4.14%,70.5203,7514102.182103,28.06%,24123570.58,24120703.58
BWA,2849.0,0.0181%,54.74,-1.78%,55.0874,1556259.219973,6.67%,15709202.0,15706353.0
MS,2835.0,0.0026%,189.31,-0.73%,190.0304,5152557.85771,5.10%,107221879.7,107219044.7
UGI,2824.0,0.0130%,36.52,-0.81%,36.5728,1067648.091984,-24.86%,21755063.0,21752239.0
WPC,2816.0,0.0153%,73.8,0.08%,73.6346,1030983.632423,20.28%,18409853.0,18407037.0
AMRX,2778.0,0.0117%,13.02,-1.81%,13.0688,1082530.158152,-33.86%,23820042.0,23817264.0
AA,2709.0,0.0112%,67.15,0.93%,66.4718,4401964.735179,-17.98%,24233563.0,24230854.0
ABNB,2687.0,0.0085%,142.65,-0.65%,143.6353,3308487.239564,19.52%,31672267.59,31669580.59
MIR,2652.0,0.0084%,19.66,0.46%,19.6515,4116915.274439,67.43%,31524666.0,31522014.0
ASTS,2611.0,0.0511%,80.01,-1.22%,81.6549,19995052.973807,-49.85%,5107616.0,5105005.0
GLW,2583.0,0.0056%,165.45,0.04%,166.6105,6940758.138468,-19.01%,45896945.38,45894362.38
SCHW,2571.0,0.0031%,91.97,-1.27%,92.4517,12839821.927943,13.94%,83528108.15,83525537.15
INDV,2508.0,0.0148%,32.23,-0.59%,32.349,1297542.421296,45.07%,16948121.0,16945613.0
INTU,2490.0,0.0109%,404.85,0.00%,408.6204,3137220.717822,11.48%,22918350.83,22915860.83
ROST,2446.0,0.0098%,225.59,-1.17%,226.1463,1996698.267125,10.36%,24835563.25,24833117.25
WELL,2401.0,0.0060%,206.39,-1.46%,204.9473,3664590.336513,72.58%,40111256.45,40108855.45
SNDK,2388.0,0.0199%,903.49,-1.04%,913.1622,10240665.378476,-9.39%,12012750.02,12010362.02
NXT,2384.0,0.0135%,108.05,1.46%,108.5619,1323126.031282,0.42%,17635225.0,17632841.0
DCH,2370.0,0.0071%,5.91,-2.96%,6.0267,4886059.876174,0.90%,33371783.0,33369413.0
IBKR,2363.0,0.0098%,79.62,-2.01%,80.2172,6400994.981598,76.97%,24132259.25,24129896.25
RUN,2352.0,0.0065%,11.78,-3.28%,12.0286,9159704.626163,18.26%,36177933.0,36175581.0
SNPS,2346.0,0.0128%,467.58,1.44%,470.6339,1832244.096658,-13.66%,18385723.18,18383377.18
VICI,2342.0,0.0029%,28.42,-1.25%,28.5351,8908015.00769,37.40%,79869054.78,79866712.78
VRTX,2306.0,0.0109%,436.59,-0.59%,436.926,986831.263755,25.01%,21092157.18,21089851.18
INSM,2289.0,0.0188%,140.98,-1.29%,141.9169,1591163.772998,48.57%,12152576.0,12150287.0
COIN,2269.0,0.0182%,195.95,-7.41%,201.175,15153299.679162,52.06%,12475383.63,12473114.63
052690 KS,2262.0,0.0905%,0.0,0.00%,0.0,0.0,0.00%,2501802.0,2499540.0
ETR,2230.0,0.0058%,111.24,-2.13%,111.3945,5426197.004981,70.38%,38708643.66,38706413.66
GPN,2213.0,0.0151%,71.59,-1.70%,72.5553,2127312.083266,25.98%,14638788.83,14636575.83
SBRA,2208.0,0.0083%,20.09,-2.00%,20.1263,2369525.236259,28.27%,26634845.0,26632637.0
DINO,2201.0,0.0128%,59.56,2.88%,59.2092,1597598.006132,-17.17%,17257446.0,17255245.0
VST,2179.0,0.0094%,154.91,-2.94%,155.9295,3747976.912996,28.20%,23300339.6,23298160.6
ATI,2168.0,0.0143%,158.95,-3.11%,160.6672,1798723.396786,71.84%,15155070.0,15152902.0
EVRG,2157.0,0.0093%,80.35,-1.62%,80.4749,1606314.159384,-8.99%,23247491.67,23245334.67
SWK,2157.0,0.0169%,76.25,1.50%,76.5416,3532332.510195,0.23%,12744819.12,12742662.12
AVIO IM,2155.0,71.4286%,0.0,0.00%,0.0,0.0,0.00%,5172.0,3017.0
F3C GR,2146.0,1.1317%,0.0,0.00%,0.0,0.0,0.00%,191771.0,189625.0
SGI,2120.0,0.0122%,81.95,-3.06%,82.6886,2259616.4912,19.66%,17439133.0,17437013.0
TTMI,2120.0,0.0189%,125.25,-0.45%,125.5291,1410754.646808,-13.43%,11246997.0,11244877.0
MAR,2119.0,0.0126%,375.45,-0.86%,375.5448,1561856.232077,36.89%,16769351.72,16767232.72
SW,2116.0,0.0053%,41.22,-3.47%,41.7173,3626944.279557,-11.20%,39872531.7,39870415.7
CNP,2086.0,0.0041%,42.25,-1.05%,42.4294,6106288.827145,45.54%,51336447.7,51334361.7
NVT,2080.0,0.0169%,137.0,0.88%,137.5486,1667262.945761,31.81%,12317224.0,12315144.0
CELH,2056.0,0.0155%,32.69,-3.23%,32.9384,7738195.61185,-19.07%,13276682.0,13274626.0
LEU,2054.0,0.0544%,191.55,-4.04%,194.1162,718549.298334,-5.77%,3779329.0,3777275.0
MLI,2008.0,0.0196%,134.72,11.43%,132.4626,1634939.275087,95.10%,10233818.0,10231810.0
TRMB,1996.0,0.0117%,68.97,-0.76%,69.3319,1480511.73674,33.94%,17048558.5,17046562.5
402A JP,1945.0,71.4286%,0.0,0.00%,0.0,0.0,0.00%,4668.0,2723.0
PAYX,1943.0,0.0065%,93.68,0.63%,94.1235,3294156.844194,-5.90%,29811167.09,29809224.09
KLAC,1917.0,0.0143%,1785.37,-1.11%,1793.0642,676278.187157,8.54%,13421295.32,13419378.32
SYF,1889.0,0.0069%,77.63,-1.21%,78.1713,6607976.649967,65.57%,27401215.58,27399326.58
AMTM,1884.0,0.0091%,27.65,0.07%,27.6551,1786312.652471,6.15%,20677778.0,20675894.0
WT,1884.0,0.0119%,17.48,-4.48%,17.9543,4426502.432379,-31.62%,15867082.0,15865198.0
LUV,1872.0,0.0064%,40.92,-2.15%,41.0632,4710469.307999,-28.04%,29273887.82,29272015.82
RBA,1848.0,0.0127%,103.74,-0.75%,104.1491,881363.064707,20.61%,14518930.0,14517082.0
MDU,1836.0,0.0083%,21.42,-1.97%,21.4859,884246.413633,-37.96%,22158202.0,22156366.0
CTSH,1829.0,0.0041%,60.45,0.32%,60.9599,5413670.369193,-33.40%,44233405.26,44231576.26
UAL,1819.0,0.0096%,97.13,-1.80%,97.9313,9825105.622676,53.99%,18885664.91,18883845.91
PK,1796.0,0.0104%,11.21,-3.20%,11.3456,3501503.940621,26.45%,17228968.0,17227172.0
BK,1793.0,0.0040%,137.92,1.88%,138.0808,4529881.58114,17.76%,44833192.370000005,44831399.370000005
271940 KS,1792.0,1.1345%,0.0,0.00%,0.0,0.0,0.00%,159752.0,157960.0
NGG,1782.0,0.8912%,84.27,-2.03%,84.9942,938305.757602,-28.48%,201728.0,199946.0
GT,1782.0,0.0066%,7.15,-0.97%,7.119,7013734.061595,8.66%,27010584.0,27008802.0
DAL,1781.0,0.0049%,70.22,-1.39%,70.438,9897683.393928,29.98%,36350038.21,36348257.21
BTSG,1770.0,0.0099%,46.1,-3.58%,46.7695,1744270.956953,30.67%,17836781.0,17835011.0
DAN,1770.0,0.0116%,37.89,0.11%,37.9337,1003196.98535,3.55%,15322219.0,15320449.0
BKSY,1760.0,0.0814%,38.94,4.06%,39.7892,2016359.244718,36.33%,2163184.0,2161424.0
MP,1736.0,0.0105%,65.76,-0.71%,66.7245,6731356.091239,-24.78%,16587737.0,16586001.0
POR,1733.0,0.0145%,50.57,-1.23%,50.6354,1182360.396009,7.90%,11937368.0,11935635.0
NYT,1712.0,0.0141%,81.62,1.59%,81.3677,1908623.808949,-25.21%,12102308.0,12100596.0
GE,1697.0,0.0027%,286.73,-5.56%,289.7287,12888966.318777,142.58%,63821552.6,63819855.6
CALY,1674.0,0.0093%,15.11,-0.59%,15.215,1522163.486597,-14.85%,18025208.0,18023534.0
BTU,1662.0,0.0074%,27.04,5.13%,26.7705,3502726.645443,42.41%,22316646.0,22314984.0
MRP,1656.0,0.0096%,30.76,-0.77%,30.7901,764861.453969,-16.21%,17193511.0,17191855.0
ZS,1650.0,0.0234%,139.61,3.57%,140.927,2855205.339968,46.85%,7043164.0,7041514.0
SPIR,1640.0,0.1569%,18.74,3.25%,18.8188,1737515.93726,-16.56%,1047146.0,1045506.0
ARI,1638.0,0.0079%,11.0,-0.18%,10.9989,1446478.476203,-10.12%,20742730.0,20741092.0
FLO,1610.0,0.0076%,8.69,-0.80%,8.696,4025739.284783,-35.75%,21127753.0,21126143.0
ALB,1602.0,0.0120%,198.42,1.84%,197.1249,1491064.057275,-32.71%,13298096.83,13296494.83
EYE,1596.0,0.0148%,25.13,-1.41%,25.2501,1370189.607755,21.92%,10814768.0,10813172.0
KKR,1580.0,0.0039%,104.45,0.51%,105.0875,5124521.189376,7.99%,40450162.92,40448582.92
GSAT,1560.0,0.0895%,80.35,-0.01%,80.2148,1402273.241707,-34.28%,1744166.0,1742606.0
DCI,1560.0,0.0145%,88.4,-0.74%,88.8458,587073.256928,69.61%,10771496.0,10769936.0
OUT,1554.0,0.0079%,30.24,-0.36%,30.1905,871423.08828,-31.40%,19701205.0,19699651.0
TXNM,1530.0,0.0152%,58.99,0.03%,58.9781,1674063.634986,92.37%,10040904.0,10039374.0
CWEN,1525.0,0.0146%,37.76,-2.71%,38.0387,801414.292106,6.63%,10440969.0,10439444.0
TPR,1505.0,0.0114%,150.5,-2.02%,150.5816,2546603.323732,53.07%,13257623.61,13256118.61
ARM,1502.0,0.0221%,175.49,0.22%,176.2583,6479061.683373,-24.34%,6797016.0,6795514.0
ADSK,1500.0,0.0077%,245.48,0.07%,246.7395,1440962.480813,14.32%,19376570.31,19375070.31
TER,1494.0,0.0103%,379.93,1.26%,380.9361,1833277.434712,0.80%,14477268.21,14475774.21
NRG,1489.0,0.0091%,149.86,-4.66%,151.376,3240435.375565,-15.40%,16386767.18,16385278.18
EA,1482.0,0.0052%,203.55,0.09%,203.3862,1010286.428706,-26.45%,28426248.36,28424766.36
ORA,1479.0,0.0169%,108.15,-3.18%,109.0832,823992.963526,14.63%,8731162.0,8729683.0
CLF,1473.0,0.0023%,9.13,-6.17%,9.2807,24853305.799029,1.12%,64065541.0,64064068.0
CAT,1467.0,0.0048%,800.45,0.26%,806.5823,2292328.119516,57.56%,30607789.4,30606322.4
DXCM,1465.0,0.0041%,62.6,-3.13%,63.0894,4354636.58286,15.60%,35757889.62,35756424.62
CMC,1454.0,0.0101%,67.52,-0.03%,68.2294,1059133.101506,53.96%,14334883.0,14333429.0
BBY,1447.0,0.0061%,66.59,-0.52%,66.8229,2673667.594694,3.95%,23616877.94,23615430.94
BE,1437.0,0.0163%,220.91,1.21%,227.1106,12256387.377125,39.84%,8821601.0,8820164.0
RGLD,1424.0,0.0174%,252.91,-4.41%,255.9418,707282.418138,48.44%,8172373.0,8170949.0
ALNY,1423.0,0.0192%,308.43,-0.81%,306.0641,1510843.067215,56.32%,7417738.0,7416315.0
028260 KS,1404.0,0.1867%,0.0,0.00%,0.0,0.0,0.00%,753387.0,751983.0
AMKR,1392.0,0.0145%,70.21,1.11%,71.2054,4160428.851544,4.25%,9570664.0,9569272.0
BXMT,1386.0,0.0063%,19.98,-0.40%,19.9806,1106272.644274,-32.26%,22137228.0,22135842.0
REZI,1374.0,0.0079%,40.28,0.78%,40.056,1188273.106465,-12.71%,17493268.0,17491894.0
NOW,1346.0,0.0022%,100.14,0.42%,101.7174,24141385.199989,18.90%,60930592.72,60929246.72
OPLN,1314.0,0.0096%,31.22,-1.45%,31.5271,471478.379865,4.55%,13694952.0,13693638.0
ANET,1313.0,0.0023%,172.86,3.60%,172.0107,8917028.282842,46.08%,56767172.85,56765859.85
BWXT,1312.0,0.0102%,216.66,-5.07%,219.5309,1150412.669448,36.90%,12899416.0,12898104.0
CFFN,1290.0,0.0073%,7.55,-2.20%,7.5743,1701810.605499,195.46%,17563753.0,17562463.0
ODFL,1289.0,0.0081%,224.42,0.47%,224.7404,1615413.890933,6.64%,15990180.38,15988891.38
SPNT,1260.0,0.0095%,23.54,0.81%,23.4765,669834.202922,-4.66%,13220262.0,13219002.0
AEC CN,1248.0,0.1866%,0.0,0.00%,0.0,0.0,0.00%,670163.0,668915.0
EMA,1210.0,0.1126%,51.72,-0.50%,51.7552,369634.73432,80.19%,1075597.0,1074387.0
2570 HK,1200.0,1.1758%,0.0,0.00%,0.0,0.0,0.00%,103260.0,102060.0
HASI,1194.0,0.0068%,40.54,-0.34%,40.7279,698012.630146,1.09%,17555028.0,17553834.0
AVA,1189.0,0.0096%,40.36,-2.20%,40.446,732845.314517,36.05%,12443697.0,12442508.0
NOV,1172.0,0.0037%,19.59,2.35%,19.5912,2899253.474592,-43.95%,31680152.0,31678980.0
D,1161.0,0.0020%,61.09,-1.82%,61.2663,4343714.521085,43.37%,59497590.22,59496429.22
ED,1153.0,0.0037%,108.19,-1.35%,108.4411,1527747.300491,7.26%,31124604.67,31123451.67
CNH,1146.0,0.0018%,10.79,-0.46%,10.8542,14804815.722131,26.53%,64139915.0,64138769.0
TTWO,1144.0,0.0057%,217.65,0.37%,217.6656,1165507.109341,-15.79%,20124741.85,20123597.85
EZPW,1134.0,0.0183%,30.6,-0.36%,30.6416,533134.670177,-7.37%,6212693.0,6211559.0
RMBS,1120.0,0.0084%,130.45,2.82%,130.4068,1627938.025254,40.46%,13387424.0,13386304.0
ADAM,1116.0,0.0065%,7.83,-1.51%,7.9119,919881.125702,34.09%,17255890.0,17254774.0
PEG,1089.0,0.0026%,78.56,-2.70%,78.7592,2665519.407596,55.19%,42142476.74,42141387.74
OLN,1077.0,0.0127%,27.17,1.08%,26.9141,2150800.979513,-32.45%,8503732.0,8502655.0
PNW,1061.0,0.0075%,100.98,-1.91%,101.4272,1072132.156872,29.36%,14130760.95,14129699.95
M,1052.0,0.0048%,20.24,1.50%,20.3216,5464354.772595,30.31%,21718517.0,21717465.0
CME,1050.0,0.0052%,284.4,-1.06%,285.0337,2714386.320038,31.07%,20273145.45,20272095.45
ACMR,1038.0,0.0147%,51.21,3.06%,51.4583,1031118.121485,-24.70%,7040810.0,7039772.0
ACI,1037.0,0.0029%,17.1,2.83%,16.9989,6502315.292886,3.67%,36201245.0,36200208.0
EFC,1032.0,0.0053%,12.93,-0.84%,13.0219,1827661.762597,13.61%,19426882.0,19425850.0
MRCY,1026.0,0.0096%,83.36,-0.90%,83.7969,475931.141332,42.11%,10678463.0,10677437.0
ARES,1019.0,0.0065%,119.84,0.90%,120.3384,2453118.394795,32.39%,15640980.77,15639961.77
EOSE,1001.0,0.0078%,7.03,-1.82%,7.128,20250139.559956,1.68%,12821693.0,12820692.0
EL,982.0,0.0066%,75.86,-2.56%,76.434,3369350.736619,4.27%,14934606.85,14933624.85
GPK,980.0,0.0036%,9.74,-2.01%,9.7044,6627406.579406,16.65%,27375071.0,27374091.0
MTZ,967.0,0.0194%,371.41,-0.05%,371.2277,635552.85215,43.06%,4995810.0,4994843.0
PTCT,966.0,0.0078%,70.63,-2.34%,70.7506,724289.671377,-24.30%,12404331.0,12403365.0
HOG,961.0,0.0113%,24.27,1.34%,24.3206,2532417.897868,-20.36%,8504977.0,8504016.0
MPWR,952.0,0.0156%,1527.95,2.49%,1526.8868,552008.321075,48.00%,6104071.86,6103119.86
ASML,949.0,0.0192%,1458.97,-1.19%,1462.0207,1273954.962911,16.72%,4944090.0,4943141.0
AEE,946.0,0.0045%,109.96,-1.18%,110.2518,1733725.469953,1.29%,20837374.27,20836428.27
LNT,939.0,0.0035%,71.14,-1.74%,71.4213,1904883.451631,15.02%,26764193.4,26763254.4
FHI,936.0,0.0157%,56.7,-0.61%,56.8186,799923.670452,37.45%,5945845.0,5944909.0
GEV,934.0,0.0069%,991.3,0.11%,995.6415,2109364.057979,16.93%,13635087.18,13634153.18
HCSG,924.0,0.0101%,19.35,0.16%,19.4083,1012475.440403,124.72%,9150950.0,9150026.0
CENX,924.0,0.0093%,61.4,0.11%,61.0967,1219108.71747,4.33%,9895357.0,9894433.0
WDAY,922.0,0.0048%,129.16,0.95%,129.9409,3594509.629615,-44.90%,19136773.94,19135851.94
GS,922.0,0.0031%,926.55,-1.61%,931.574,1764252.405777,-25.66%,30100620.74,30099698.74
PBF,917.0,0.0078%,40.69,7.79%,40.0664,4158470.346918,70.59%,11785382.0,11784465.0
CNXC,917.0,0.0267%,29.55,-2.67%,29.9443,1325041.41564,10.89%,3430222.0,3429305.0
SO,917.0,0.0010%,91.92,-1.70%,92.4303,3693334.927559,22.29%,90087387.51,90086470.51
HWM,916.0,0.0031%,247.72,-3.09%,248.6741,2039506.321642,10.73%,29651158.62,29650242.62
WWD,912.0,0.0148%,380.28,-3.43%,382.3051,764608.376384,36.52%,6154501.0,6153589.0
BKH,904.0,0.0089%,73.51,-2.76%,73.7773,853551.544768,37.28%,10127438.0,10126534.0
TDS,894.0,0.0051%,45.11,-0.57%,45.0944,473278.033801,44.02%,17371457.0,17370563.0
KMT,888.0,0.0092%,38.88,0.73%,38.817,1119739.413583,5.63%,9697608.0,9696720.0
FLG,885.0,0.0025%,14.41,-2.70%,14.4718,5349864.60993,5.07%,34754386.0,34753501.0
PRIM,882.0,0.0123%,164.67,-0.03%,164.7316,644953.445591,10.80%,7150071.0,7149189.0
PARR,882.0,0.0105%,61.56,4.09%,60.8837,2463599.342218,189.80%,8388645.0,8387763.0
BX,865.0,0.0023%,128.5,-0.38%,129.8585,6210023.794355,42.31%,37555574.99,37554709.99
CRL,865.0,0.0219%,183.1,-1.32%,184.47,444889.193766,-22.85%,3944842.54,3943977.54
MKSI,864.0,0.0167%,273.77,-2.20%,277.8282,957266.512939,4.54%,5185622.0,5184758.0
SNEX,864.0,0.0093%,104.08,-1.17%,104.196,636681.718776,24.49%,9307705.0,9306841.0
REGN,864.0,0.0105%,747.36,-0.27%,745.3407,706528.781379,43.07%,8260658.41,8259794.41
ROP,860.0,0.0082%,362.93,0.85%,363.0029,1213895.066156,22.59%,10503780.87,10502920.87
PTGX,858.0,0.0094%,105.89,0.40%,105.5063,494946.79122,-8.42%,9084776.0,9083918.0
CVNA,855.0,0.0101%,400.92,-0.27%,403.157,2438471.65529,19.78%,8430844.99,8429989.99
FORM,852.0,0.0082%,142.04,-1.38%,145.3138,2185414.902947,37.33%,10439290.0,10438438.0
VLY,850.0,0.0014%,13.4,-1.40%,13.4641,6398066.658711,11.33%,62713390.0,62712540.0
RCUS,846.0,0.0061%,24.52,7.83%,23.4582,3648206.44859,78.33%,13871288.0,13870442.0
IDA,836.0,0.0151%,144.5,-0.82%,144.4831,457506.387463,-7.28%,5523001.0,5522165.0
APO,836.0,0.0031%,127.26,-0.05%,128.3313,5038551.137876,-3.81%,26762118.33,26761282.33
AAL,822.0,0.0017%,11.77,-3.84%,11.8623,65503423.056175,4.35%,48282087.0,48281265.0
OGE,803.0,0.0041%,46.5,-1.69%,46.6264,1108228.959017,-7.43%,19719458.0,19718655.0
7203 JP,794.0,0.1650%,0.0,0.00%,0.0,0.0,0.00%,481898.0,481104.0
DELL,788.0,0.0049%,212.36,3.98%,210.9511,9074146.100882,26.83%,16041084.24,16040296.24
CSGP,757.0,0.0020%,38.91,-2.87%,39.4002,4003506.6796,5.84%,37743225.06,37742468.06
ENS,756.0,0.0188%,198.69,-0.61%,199.6611,239669.668511,21.02%,4022638.0,4021882.0
FIVE,752.0,0.0179%,237.1,-4.28%,239.7371,1484065.984405,-24.46%,4206935.0,4206183.0
NI,751.0,0.0017%,46.93,-1.78%,47.0716,5129758.674692,16.88%,43843132.78,43842381.78
O,742.0,0.0010%,64.0,-1.42%,64.1556,6720186.767903,64.22%,73584214.92,73583472.92
DECK,729.0,0.0059%,110.17,-0.80%,110.7378,1403645.124357,-12.26%,12392930.06,12392201.06
WEC,726.0,0.0024%,113.58,-1.35%,113.824,1868332.920999,37.68%,30581050.14,30580324.14
SEDG,714.0,0.0089%,40.57,1.88%,41.1271,2698630.665247,-4.59%,8056955.0,8056241.0
EPR,712.0,0.0095%,56.56,-0.70%,56.6378,375762.654987,-12.60%,7487209.0,7486497.0
IDXX,711.0,0.0091%,569.01,-2.41%,575.0407,578020.05985,-9.42%,7819263.06,7818552.06
JBL,710.0,0.0095%,333.68,1.03%,334.9021,1028296.643416,19.41%,7498829.28,7498119.28
LHX,701.0,0.0046%,340.3,-2.37%,340.3398,1581557.849688,88.73%,15347936.57,15347235.57
ZBRA,699.0,0.0184%,236.67,-0.27%,238.7572,763723.349828,8.63%,3791633.3,3790934.3
CW,696.0,0.0181%,719.51,-1.44%,720.4519,167354.500846,-14.05%,3840689.0,3839993.0
126340 KS,696.0,1.1338%,0.0,0.00%,0.0,0.0,0.00%,62082.0,61386.0
NTAP,684.0,0.0044%,111.8,4.69%,111.8705,3136157.106955,49.08%,15380113.79,15379429.79
MTSI,680.0,0.0102%,285.71,1.65%,284.5546,794786.618695,29.06%,6699627.0,6698947.0
KEYS,666.0,0.0069%,339.3,1.24%,339.3593,681703.324151,-25.48%,9585660.14,9584994.14
DUK,658.0,0.0010%,125.67,-1.71%,126.3087,2842283.657865,4.88%,62767859.86,62767201.86
SR,648.0,0.0085%,89.45,-2.28%,89.75,329276.739636,58.75%,7586979.0,7586331.0
AVT,639.0,0.0103%,75.26,1.26%,75.2706,986598.938123,-25.32%,6214716.0,6214077.0
HCC,630.0,0.0057%,90.59,3.17%,90.911,802984.27536,2.79%,11105204.0,11104574.0
GNRC,624.0,0.0163%,213.85,-1.57%,215.1072,754284.475052,15.67%,3827852.26,3827228.26
WFRD,624.0,0.0086%,99.63,-0.50%,99.7897,1761731.830415,42.06%,7240594.0,7239970.0
VTR,622.0,0.0019%,82.11,-3.00%,82.1436,4078459.393844,36.66%,33556411.65,33555789.65
VRSK,611.0,0.0052%,182.09,1.30%,182.4098,1472645.680922,-26.49%,11778841.75,11778230.75
288620 KS,610.0,1.1315%,0.0,0.00%,0.0,0.0,0.00%,54520.0,53910.0
ALV,608.0,0.0114%,117.69,-3.02%,119.3995,939125.42218,-14.64%,5311723.0,5311115.0
AEIS,608.0,0.0154%,385.0,1.26%,389.2047,760529.941945,43.48%,3944723.0,3944115.0
ABCB,588.0,0.0066%,84.45,-1.15%,84.7446,763513.993725,44.84%,8976537.0,8975949.0
TLN,587.0,0.0157%,329.74,-4.77%,335.1613,560235.590782,-27.96%,3747974.0,3747387.0
GVA,582.0,0.0101%,123.92,-0.20%,123.6221,446033.931316,15.01%,5781393.0,5780811.0
EXPE,578.0,0.0072%,273.8,0.20%,275.4109,1535121.221758,3.31%,8019505.24,8018927.24
FCFS,576.0,0.0148%,208.07,1.53%,207.4537,215505.300065,-5.56%,3883715.0,3883139.0
JMAT LN,574.0,0.4262%,0.0,0.00%,0.0,0.0,0.00%,135249.0,134675.0
WCC,567.0,0.0142%,324.59,0.55%,324.005,317926.776147,-16.38%,4001654.0,4001087.0
462350 KS,565.0,71.4286%,0.0,0.00%,0.0,0.0,0.00%,1356.0,791.0
INSW,564.0,0.0105%,75.96,-1.94%,76.7352,462489.519106,32.65%,5388131.0,5387567.0
MELI,555.0,0.0398%,1854.18,-0.85%,1870.5452,260796.23186,-23.17%,1395459.0,1394904.0
GD,545.0,0.0031%,325.52,-1.99%,325.932,1635953.969026,59.36%,17526004.14,17525459.14
FNB,537.0,0.0015%,17.64,-1.07%,17.6694,6243892.861771,16.45%,36849460.0,36848923.0
FN,536.0,0.0151%,695.52,-0.64%,704.0921,582097.634383,20.66%,3560052.0,3559516.0
382900 KS,536.0,1.1295%,0.0,0.00%,0.0,0.0,0.00%,47991.0,47455.0
STRL,536.0,0.0154%,472.84,-0.01%,473.9767,343133.984449,33.91%,3479589.0,3479053.0
AAMI,534.0,0.0144%,65.78,-1.38%,66.2123,270297.285983,13.47%,3711727.0,3711193.0
059090 KS,532.0,1.1307%,0.0,0.00%,0.0,0.0,0.00%,47581.0,47049.0
AXON,530.0,0.0064%,404.92,0.29%,403.9434,816340.418253,68.26%,8240892.75,8240362.75
KIM,528.0,0.0009%,23.69,-1.54%,23.8097,2599232.396835,-25.78%,61390621.06,61390093.06
LECO,528.0,0.0108%,260.24,0.30%,260.6535,289480.543682,-19.15%,4908092.0,4907564.0
TNL,528.0,0.0105%,76.15,-1.55%,76.3249,720899.975444,-22.55%,5041208.0,5040680.0
CRS,520.0,0.0091%,438.88,-2.95%,441.6614,642837.505568,49.77%,5699027.0,5698507.0
451760 KS,520.0,71.4286%,0.0,0.00%,0.0,0.0,0.00%,1248.0,728.0
EVGO,517.0,0.0042%,2.12,-3.20%,2.1699,3289469.427052,9.41%,12299365.0,12298848.0
ATO,505.0,0.0031%,182.93,-1.77%,183.5345,608088.032617,18.21%,16465753.23,16465248.23
TMDX,504.0,0.0112%,108.91,-3.73%,110.2888,829027.564883,12.78%,4489916.0,4489412.0
474170 KS,500.0,71.4286%,0.0,0.00%,0.0,0.0,0.00%,1200.0,700.0
ALGN,500.0,0.0116%,195.2,1.85%,196.425,1467008.212,7.65%,4294598.66,4294098.66
AIR,498.0,0.0066%,116.54,-4.45%,117.3554,429030.052644,31.57%,7515678.0,7515180.0
DY,496.0,0.0164%,404.81,-1.33%,408.0954,460447.334059,23.53%,3020039.0,3019543.0
ORCL,490.0,0.0005%,181.17,2.02%,182.5185,39632270.356306,77.51%,99686081.58,99685591.58
CWEN/A,486.0,0.1748%,0.0,0.00%,0.0,0.0,0.00%,278524.0,278038.0
JOE,480.0,0.0096%,68.43,-0.83%,69.0087,199304.686429,45.68%,5023784.0,5023304.0
SPXC,472.0,0.0098%,216.49,-0.51%,218.6719,491183.641475,21.65%,4821643.0,4821171.0
EMR,468.0,0.0018%,144.83,-1.32%,145.5889,1705622.26825,-23.26%,26438467.77,26437999.77
REX,468.0,0.0111%,44.95,2.84%,44.817,175654.903287,2.51%,4234492.0,4234024.0
NWN,468.0,0.0081%,52.21,-2.14%,52.3964,158348.253337,-16.23%,5801902.0,5801434.0
RRR,468.0,0.0075%,55.84,-0.80%,55.5832,947080.055931,36.94%,6204367.0,6203899.0
FBNC,462.0,0.0081%,59.16,-1.53%,59.3389,140109.2513,5.77%,5719414.0,5718952.0
HTH,456.0,0.0068%,37.57,-1.00%,37.7295,365124.280673,94.06%,6665860.0,6665404.0
INVX,450.0,0.0070%,26.58,3.42%,26.4155,344680.410032,0.62%,6470603.0,6470153.0
PHIN,450.0,0.0088%,72.56,-1.64%,73.0376,222281.780324,-25.81%,5104163.0,5103713.0
KD,447.0,0.0027%,14.53,-0.75%,14.7023,3930402.697687,3.30%,16791318.0,16790871.0
PWR,446.0,0.0050%,605.89,0.15%,606.2127,549958.735261,-10.82%,8884254.97,8883808.97
SIG,444.0,0.0080%,95.91,0.23%,96.2194,792144.032369,-15.64%,5564516.0,5564072.0
ALK,443.0,0.0053%,41.45,-4.80%,42.1439,8566121.007178,39.37%,8355772.0,8355329.0
CPAY,441.0,0.0103%,329.93,-2.20%,332.4201,422217.42702,-16.78%,4300983.34,4300542.34
TPL,438.0,0.0076%,437.72,0.67%,440.0004,300796.210627,-5.13%,5770831.82,5770393.82
BHF,435.0,0.0031%,61.9,0.10%,61.957,325704.203529,13.17%,14210410.0,14209975.0
189300 KS,435.0,71.4286%,0.0,0.00%,0.0,0.0,0.00%,1044.0,609.0
CHTR,432.0,0.0033%,241.95,-1.12%,244.4191,1929774.987004,-11.82%,12904986.69,12904554.69
ESE,432.0,0.0126%,314.14,-0.32%,315.853,384087.981281,17.43%,3415861.0,3415429.0
AMG,432.0,0.0058%,300.91,-0.02%,302.5885,209532.467125,-6.91%,7475727.0,7475295.0
FLR,430.0,0.0026%,47.14,-2.00%,47.2647,1781413.368848,36.04%,16590385.0,16589955.0
PSMT,426.0,0.0127%,158.78,-0.26%,158.9712,142786.582341,-38.58%,3350649.0,3350223.0
ANDE,426.0,0.0090%,75.7,3.60%,75.0608,286218.224826,21.48%,4723750.0,4723324.0
RL,422.0,0.0155%,386.77,-0.71%,387.1513,672225.075977,34.41%,2716346.52,2715924.52
BLNK,418.0,0.0067%,0.7451,-7.21%,0.7726,2866170.631453,-56.09%,6205259.0,6204841.0
BCO,416.0,0.0104%,110.77,-2.76%,111.7662,329685.93201,-2.72%,4010323.0,4009907.0
SXT,408.0,0.0076%,97.88,-1.95%,98.2561,397256.470562,42.53%,5347514.0,5347106.0
FDP,408.0,0.0086%,40.9,-1.21%,40.8882,206064.054625,-1.49%,4727055.0,4726647.0
EPAM,404.0,0.0091%,132.12,0.17%,132.9577,971683.400198,1.01%,4416302.9,4415898.9
AX,393.0,0.0050%,96.33,-2.67%,96.9108,317553.661782,25.56%,7899112.0,7898719.0
HMN,384.0,0.0043%,45.27,0.20%,45.2778,184718.3373,45.50%,9023360.0,9022976.0
RCL,379.0,0.0025%,271.47,-3.83%,274.6539,2298786.932455,-3.46%,15284962.27,15284583.27
L,379.0,0.0030%,111.49,0.38%,111.5088,477517.771935,-8.16%,12469924.07,12469545.07
WSM,378.0,0.0041%,202.28,0.13%,203.7414,1142983.86551,37.25%,9293361.02,9292983.02
KRYS,378.0,0.0099%,272.66,-1.39%,273.5129,160960.284363,-23.49%,3829403.0,3829025.0
RBC,376.0,0.0155%,591.32,-0.93%,592.8514,172803.585113,25.19%,2433002.0,2432626.0
AORT,372.0,0.0066%,36.56,-5.77%,36.9565,421418.916371,11.88%,5638604.0,5638232.0
CRBG,365.0,0.0021%,26.28,-2.16%,26.7335,6742688.639128,89.99%,17550661.0,17550296.0
MCY,364.0,0.0084%,95.45,0.58%,95.4637,153216.034979,-1.59%,4317310.0,4316946.0
AVNT,363.0,0.0043%,38.08,-1.09%,37.9706,476312.566855,40.62%,8441380.0,8441017.0
NVST,363.0,0.0028%,27.2,-2.33%,27.6638,2413986.452971,6.92%,12986179.0,12985816.0
FIX,359.0,0.0145%,1674.16,-0.35%,1681.5722,364003.652165,41.71%,2478150.09,2477791.09
DGII,354.0,0.0070%,55.8,0.56%,55.855,236183.653338,20.34%,5066385.0,5066031.0
SON,353.0,0.0028%,56.79,-0.02%,56.3163,1032183.250599,2.30%,12607737.0,12607384.0
FANG,350.0,0.0015%,189.8,3.46%,187.9305,2446855.432115,-14.48%,23630109.45,23629759.45
GFS,349.0,0.0170%,59.245,0.83%,59.4664,5685309.649487,-35.27%,2057565.0,2057216.0
COLL,348.0,0.0073%,33.27,-3.03%,33.5839,253809.732777,-26.24%,4791291.0,4790943.0
099320 KS,345.0,71.4286%,0.0,0.00%,0.0,0.0,0.00%,828.0,483.0
NGVT,342.0,0.0074%,74.4,-1.02%,74.4608,171267.523965,24.53%,4599671.0,4599329.0
WTS,336.0,0.0118%,296.8,1.01%,297.3031,263430.134006,-36.33%,2852527.0,2852191.0
SCHL,336.0,0.0105%,38.07,-4.25%,40.3246,2052417.462731,70.37%,3215338.0,3215002.0
PATK,336.0,0.0080%,103.61,-0.12%,103.4352,322486.732091,-46.42%,4191448.0,4191112.0
SANM,335.0,0.0047%,174.06,-0.80%,174.6004,659542.983055,-13.27%,7137171.0,7136836.0
NRGV,330.0,0.0046%,3.97,7.30%,3.9722,6251674.4787,226.63%,7141835.0,7141505.0
CUBI,324.0,0.0066%,76.95,-1.81%,77.2746,274507.820483,50.25%,4943161.0,4942837.0
PVH,321.0,0.0098%,98.81,0.44%,99.1058,907714.94668,-34.54%,3276040.0,3275719.0
WS,318.0,0.0058%,35.7,0.08%,35.8985,205947.857562,22.13%,5448381.0,5448063.0
PH,317.0,0.0047%,972.69,-2.38%,976.9418,576192.428143,44.19%,6702698.44,6702381.44
PEN,312.0,0.0084%,327.0,-0.82%,328.4539,1085298.389795,69.52%,3710804.0,3710492.0
STWD,311.0,0.0011%,18.24,-0.05%,18.2803,2443277.275966,15.87%,28677342.0,28677031.0
PPC,310.0,0.0062%,33.09,0.18%,32.8594,1303808.885898,-2.25%,4979457.0,4979147.0
NXST,304.0,0.0111%,206.0,0.26%,208.0638,318619.450732,-44.45%,2726825.0,2726521.0
LGND,300.0,0.0111%,226.67,-2.20%,227.06,127726.913653,13.29%,2694637.0,2694337.0
CIEN,300.0,0.0033%,505.93,0.53%,506.3261,1804575.879491,-8.08%,9177394.27,9177094.27
PAHC,300.0,0.0101%,54.09,-4.28%,54.8201,201014.493373,44.20%,2973806.0,2973506.0
CACI,296.0,0.0160%,518.38,-0.71%,519.5202,228431.227034,-39.48%,1855354.0,1855058.0
ASB,296.0,0.0015%,27.89,-1.66%,28.1428,2007323.19135,6.17%,20173820.0,20173524.0
ONB,295.0,0.0008%,23.77,-1.98%,23.9172,2574985.077638,9.99%,35468246.0,35467951.0
WOR,294.0,0.0070%,54.6,-0.42%,54.5835,145553.163476,-10.95%,4180576.0,4180282.0
CUZ,293.0,0.0022%,24.62,-0.85%,24.7826,2872111.759839,84.47%,13157399.0,13157106.0
BBWI,282.0,0.0019%,20.49,-1.96%,20.7287,6242938.364206,-6.41%,14556935.0,14556653.0
ENVA,276.0,0.0087%,163.49,-1.05%,164.4239,238655.830949,39.42%,3156980.0,3156704.0
GAP,270.0,0.0016%,26.65,-2.27%,26.9284,6141546.602827,43.39%,16492715.0,16492445.0
ARW,267.0,0.0072%,178.11,1.22%,178.0286,433206.334378,-11.98%,3699761.0,3699494.0
TMHC,262.0,0.0024%,61.94,0.11%,62.2217,1391922.402043,-1.42%,10709477.0,10709215.0
CRWV,262.0,0.0169%,115.16,-1.93%,116.8623,18681856.882784,-36.76%,1546643.0,1546381.0
DAR,259.0,0.0023%,60.27,2.01%,59.9357,2549697.338134,-13.89%,11191082.0,11190823.0
TEX,256.0,0.0025%,60.9,-1.92%,61.6916,917726.922312,-3.14%,10426790.0,10426534.0
AVAV,256.0,0.0043%,210.07,6.51%,212.6083,2446008.182035,142.99%,5909503.0,5909247.0
SLGN,255.0,0.0037%,40.73,-2.40%,40.9441,460441.759346,-34.00%,6927557.0,6927302.0
MTDR,255.0,0.0026%,58.97,4.48%,58.3586,1851837.234657,9.78%,9816567.0,9816312.0
CMI,253.0,0.0032%,638.99,0.37%,638.7725,678516.972195,-22.07%,7853223.609999999,7852970.609999999
LMT,252.0,0.0017%,571.95,-1.61%,572.6211,1603346.665449,-6.95%,15195493.28,15195241.28
KALU,252.0,0.0085%,153.22,0.80%,153.279,339194.546951,-3.34%,2960263.0,2960011.0
GXO,250.0,0.0031%,58.62,-1.08%,58.7417,742760.541639,-16.83%,8021749.0,8021499.0
KBH,248.0,0.0034%,55.74,0.94%,56.2422,1271347.430624,32.90%,7360155.0,7359907.0
HY,244.0,0.0384%,38.31,-0.85%,38.4432,65206.757447,37.80%,635031.0,634787.0
LEA,243.0,0.0065%,128.47,-0.33%,129.3972,352213.968712,-30.46%,3714835.0,3714592.0
WHR,242.0,0.0036%,56.91,-0.59%,57.3799,2394376.838869,-12.21%,6736112.0,6735870.0
NWE,242.0,0.0040%,70.49,-2.54%,70.6295,283397.08446,6.69%,6065566.0,6065324.0
COLB,241.0,0.0011%,29.09,-1.99%,29.3158,1884853.202546,-15.98%,22440698.0,22440457.0
TRST,240.0,0.0091%,46.3,-0.67%,46.335,108089.6235,28.68%,2631608.0,2631368.0
ASTE,240.0,0.0078%,57.4,-2.15%,57.5141,178312.809718,26.37%,3059332.0,3059092.0
GEF,230.0,0.0093%,68.69,-1.11%,68.7897,133734.376148,-6.07%,2485550.0,2485320.0
ARMK,227.0,0.0013%,45.27,-0.72%,45.4283,3210737.501029,37.24%,17773626.0,17773399.0
EME,225.0,0.0069%,838.01,0.83%,835.9982,373148.878699,26.94%,3242512.11,3242287.11
POWL,224.0,0.0059%,240.97,-0.28%,245.3396,634208.836353,78.31%,3775180.0,3774956.0
CBOE,223.0,0.0030%,299.25,-1.69%,301.8059,972175.162547,-22.35%,7531965.4,7531742.4
KNX,222.0,0.0019%,64.86,-1.05%,64.9194,2657676.113763,42.35%,11424183.0,11423961.0
FLNC,220.0,0.0067%,12.77,1.11%,13.0101,5668754.492064,-2.81%,3293118.0,3292898.0
LXP,215.0,0.0026%,50.66,-2.61%,50.8374,637341.372605,50.82%,8126231.0,8126016.0
SMP,210.0,0.0071%,38.08,1.17%,38.0623,197833.229319,151.75%,2954583.0,2954373.0
CNO,209.0,0.0021%,43.61,-0.75%,43.6485,540241.347248,48.80%,10062778.0,10062569.0
MD,207.0,0.0019%,22.88,-1.34%,23.1281,634608.841243,18.33%,11156277.0,11156070.0
ALLY,206.0,0.0011%,45.7,-1.30%,45.7702,5518395.300932,19.38%,19420819.0,19420613.0
MSGS,204.0,0.0110%,334.37,-0.11%,334.1466,164256.251283,11.78%,1851802.0,1851598.0
OZK,201.0,0.0015%,48.52,-1.46%,48.937,2012229.59866,25.34%,13357568.0,13357367.0
KRC,200.0,0.0023%,31.83,-0.96%,31.9057,1645535.693267,-24.31%,8560126.0,8559926.0
MEDP,200.0,0.0084%,514.9,-2.56%,518.1477,366346.322664,8.81%,2380906.0,2380706.0
UBSI,199.0,0.0010%,43.61,-2.00%,43.8479,668046.359969,22.61%,18956532.0,18956333.0
AZZ,199.0,0.0052%,136.48,-0.73%,136.6668,186181.919102,11.57%,3844880.0,3844681.0
MTRN,198.0,0.0062%,178.36,-1.43%,179.7579,230131.331652,19.93%,3194166.0,3193968.0
GOLF,197.0,0.0054%,98.86,0.76%,98.7112,238552.535297,-54.86%,3645262.0,3645065.0
CSGS,188.0,0.0053%,80.31,0.02%,80.3247,314224.05534,49.71%,3574586.0,3574398.0
WLK,187.0,0.0070%,115.65,1.55%,114.5948,854560.042529,-3.51%,2677642.0,2677455.0
ANIP,186.0,0.0072%,79.94,-2.19%,80.6525,309903.029192,-10.85%,2587071.0,2586885.0
NPO,186.0,0.0070%,282.0,-0.49%,281.6658,210456.71966,6.45%,2649083.0,2648897.0
CHRD,181.0,0.0032%,131.135,3.21%,130.345,720498.023434,-37.10%,5637593.0,5637412.0
UFCS,180.0,0.0059%,39.46,-0.50%,39.49,120391.71,2.84%,3057216.0,3057036.0
VMI,176.0,0.0100%,458.77,11.93%,460.2899,438934.061298,67.63%,1752672.0,1752496.0
TEL,175.0,0.0011%,243.18,-1.81%,247.3713,4025995.489217,75.48%,15564061.66,15563886.66
PFGC,173.0,0.0016%,90.75,-0.96%,90.6112,6080784.439172,185.98%,11081676.0,11081503.0
NHC,168.0,0.0095%,160.61,-3.58%,162.6042,145631.587079,75.22%,1774455.0,1774287.0
AMSC,165.0,0.0073%,41.93,2.95%,41.8894,1586757.294499,129.23%,2275130.0,2274965.0
LCII,163.0,0.0052%,121.17,-0.15%,121.2043,321966.897735,-8.84%,3123856.0,3123693.0
PLXS,162.0,0.0047%,238.58,0.27%,238.1348,374686.020959,21.15%,3446518.0,3446356.0
NBIS,159.0,0.0891%,156.55,-1.64%,159.4361,10059564.135691,-19.33%,178554.0,178395.0
FAF,159.0,0.0021%,66.9,0.83%,66.7864,865721.853634,30.42%,7552502.0,7552343.0
VOYA,149.0,0.0017%,74.89,-0.81%,75.3556,1023641.866165,-1.29%,8531623.0,8531474.0
SNX,148.0,0.0026%,215.19,-1.23%,217.3673,583297.472489,-25.43%,5591565.0,5591417.0
ETN,148.0,0.0008%,409.7,0.52%,412.3114,2021472.873264,-16.33%,18523997.57,18523849.57
NOC,146.0,0.0016%,611.13,-6.98%,618.8407,1631975.245945,107.12%,9197441.98,9197295.98
UNM,141.0,0.0009%,78.79,-0.56%,78.8883,1587833.154302,40.95%,15222957.0,15222816.0
THO,136.0,0.0036%,80.52,-0.73%,80.1552,956657.855608,74.79%,3761414.0,3761278.0
PB,134.0,0.0015%,69.6,-0.98%,69.8422,662825.174512,-3.13%,9062674.0,9062540.0
ACT,132.0,0.0034%,43.23,0.23%,43.3041,239487.366001,11.68%,3907628.0,3907496.0
TILE,131.0,0.0016%,28.13,-0.95%,28.2751,800510.790919,98.09%,8088699.0,8088568.0
MYRG,131.0,0.0062%,334.35,0.67%,333.4707,215120.73865,39.37%,2114388.0,2114257.0
COLM,130.0,0.0065%,63.97,-0.09%,64.2774,457383.466082,-29.41%,2006442.0,2006312.0
KBR,128.0,0.0013%,36.71,0.69%,36.8359,1247282.318348,-16.79%,10052890.0,10052762.0
USFD,126.0,0.0008%,91.7,-1.68%,92.1664,2802327.417622,35.69%,15616676.0,15616550.0
OSIS,126.0,0.0054%,296.84,-3.99%,301.4825,246998.161843,-6.66%,2346710.0,2346584.0
JEF,122.0,0.0010%,47.62,0.11%,47.814,1149059.524047,-35.94%,12479046.0,12478924.0
PAG,121.0,0.0059%,160.7,-1.30%,160.9643,276500.034226,-1.64%,2047303.0,2047182.0
AMRC,121.0,0.0061%,26.75,-0.59%,26.9463,511249.922562,27.69%,1987385.0,1987264.0
JCI,118.0,0.0004%,139.72,-0.89%,140.24,2162438.867603,27.51%,32895427.98,32895309.98
SIGI,117.0,0.0018%,80.88,-1.19%,81.1514,439270.384754,-20.48%,6612261.0,6612144.0
SXI,114.0,0.0074%,276.49,-0.86%,277.4307,215388.168312,10.65%,1550646.0,1550532.0
ZION,114.0,0.0009%,62.02,-1.63%,62.0913,2607796.279236,17.28%,13090996.0,13090882.0
AWI,113.0,0.0024%,177.66,-1.63%,178.1414,262234.982541,-18.85%,4657353.0,4657240.0
POST,113.0,0.0036%,106.93,2.76%,106.7668,1195674.376986,81.92%,3150997.0,3150884.0
URI,107.0,0.0031%,806.22,-0.74%,816.3368,428583.001205,5.30%,3403293.27,3403186.27
CRDO,107.0,0.0011%,183.32,5.04%,180.6073,9608901.624768,28.71%,9886215.0,9886108.0
WBS,104.0,0.0008%,72.23,-1.12%,72.555,3465014.668932,85.94%,13216763.0,13216659.0
ALAB,101.0,0.0012%,191.97,9.20%,191.5609,10876819.95263,160.19%,8104925.0,8104824.0
RGA,101.0,0.0012%,209.9,-1.09%,210.1271,317478.360847,-14.34%,8648807.0,8648706.0
TR,100.0,0.0038%,41.92,0.46%,41.7732,99007.014828,-32.04%,2601491.0,2601391.0
RVMD,99.0,0.0020%,148.9,1.83%,147.5851,2828131.84679,-19.09%,4914087.0,4913988.0
SAIC,99.0,0.0029%,96.14,1.52%,96.2615,496211.641839,18.75%,3421441.0,3421342.0
PII,96.0,0.0017%,61.41,1.20%,61.4099,1736653.059167,0.81%,5775466.0,5775370.0
AME,94.0,0.0008%,233.54,-1.39%,234.4339,644587.729565,2.98%,12485253.82,12485159.82
MDB,94.0,0.0078%,261.43,-1.01%,264.6052,1064269.318529,-25.67%,1212648.0,1212554.0
IBP,94.0,0.0028%,314.39,1.60%,315.6555,695562.890449,110.60%,3348160.0,3348066.0
EEFT,90.0,0.0032%,77.05,2.43%,76.5501,1379674.543386,208.63%,2837327.0,2837237.0
CHPT,88.0,0.0587%,6.71,1.05%,6.73,472015.397761,4.94%,150105.0,150017.0
NEU,88.0,0.0148%,642.07,-0.13%,647.0313,159045.531797,10.29%,595760.0,595672.0
HWC,88.0,0.0009%,68.49,-1.24%,68.6489,1309759.401547,25.61%,9409902.0,9409814.0
UFPI,86.0,0.0015%,96.2,-1.04%,96.4261,336581.975039,6.49%,5689531.0,5689445.0
CBT,85.0,0.0016%,76.02,0.68%,75.769,335077.043786,14.21%,5355705.0,5355620.0
NTRA,84.0,0.0020%,205.42,-1.12%,207.38,769988.39251,-3.89%,4248986.0,4248902.0
VC,82.0,0.0028%,101.35,-0.09%,102.1045,603454.248212,-26.88%,2954193.0,2954111.0
AN,80.0,0.0041%,205.31,-2.01%,206.0807,226109.256956,-18.90%,1938479.0,1938399.0
SSB,80.0,0.0010%,98.63,-1.51%,98.9644,706704.09087,-16.04%,7797573.0,7797493.0
LAD,76.0,0.0043%,279.89,-3.07%,281.5982,254821.132611,-4.69%,1777783.0,1777707.0
AGCO,73.0,0.0017%,119.34,-0.77%,120.0537,617708.668112,38.39%,4270341.0,4270268.0
INGR,71.0,0.0014%,113.2,-0.88%,113.3003,386854.919913,-19.28%,5227771.0,5227700.0
PNFP,68.0,0.0005%,97.42,-0.98%,97.6335,1157273.966216,-32.81%,14535402.0,14535334.0
BJ,66.0,0.0007%,96.0,2.66%,95.7231,1705150.556511,10.91%,9114866.0,9114800.0
HCA,61.0,0.0007%,471.18,-1.45%,472.3488,993027.325265,35.21%,8329523.13,8329462.13
FTAI,58.0,0.0013%,236.74,-7.99%,240.176,1541404.585998,66.66%,4342109.0,4342051.0
GNE,55.0,0.0062%,13.22,-0.23%,13.3269,73981.158832,55.99%,885181.0,885126.0
NPK,54.0,0.0053%,136.25,-2.84%,136.3971,77527.040546,35.71%,1018116.0,1018062.0
R,53.0,0.0016%,230.98,0.40%,230.4441,330752.033462,29.21%,3369260.0,3369207.0
SNAP,51.0,0.0003%,5.64,-6.00%,5.72,58959829.337235,24.24%,15218020.0,15217969.0
ESLT,34.0,0.0076%,865.48,-1.87%,863.7564,95833.813519,19.26%,448597.0,448563.0
RBLX,28.0,0.0002%,61.26,-0.92%,62.3253,7914484.908716,39.03%,12823911.0,12823883.0
COF,28.0,0.0001%,202.5,-1.56%,203.376,5316820.510538,38.82%,48642899.71,48642871.71
PINS,28.0,0.0001%,20.62,-0.10%,20.6901,11063881.777956,-0.03%,42811872.0,42811844.0
JLL,27.0,0.0008%,345.59,-2.23%,349.2144,578729.405466,27.43%,3414452.0,3414425.0
UTHR,26.0,0.0006%,573.46,0.00%,571.4571,350380.639104,-7.17%,4195382.0,4195356.0
HCI,22.0,0.0015%,152.19,-1.56%,153.0256,292882.410539,-2.77%,1433132.0,1433110.0
MUSA,21.0,0.0016%,512.45,3.15%,509.4984,311276.740858,-5.53%,1308045.0,1308024.0
FWONK,10.0,0.0002%,87.87,-2.25%,88.2682,1564423.068081,-17.43%,4592815.0,4592805.0
RDDT,5.0,0.0002%,156.82,-5.69%,159.9467,4776287.924211,56.36%,2789438.0,2789433.0
NQM6,-15.0,-1.4749%,0.0,0.00%,0.0,0.0,0.00%,1002.0,1017.0
PNRG,-18.0,-0.0684%,214.8,7.55%,211.7876,131581.180843,195.18%,26286.0,26304.0
AZO,-29.0,-0.0036%,3606.18,0.66%,3604.1581,173017.155259,-29.13%,813798.5,813827.5
VRTS,-30.0,-0.0036%,137.93,-2.98%,140.2423,66334.156588,-30.69%,840401.0,840431.0
NVR,-41.0,-0.0171%,6933.5,-2.30%,7030.7826,29209.64388,23.11%,239883.97,239924.97
CVCO,-45.0,-0.0040%,531.18,-1.62%,537.0608,108566.004372,-20.89%,1124659.0,1124704.0
LNN,-55.0,-0.0039%,106.85,-1.23%,107.5838,148006.128541,-18.55%,1403961.0,1404016.0
PFBC,-60.0,-0.0039%,94.04,-1.99%,94.9733,141590.081096,18.64%,1558349.0,1558409.0
ALG,-60.0,-0.0041%,169.18,-2.19%,169.4509,215509.415104,144.78%,1446185.0,1446245.0
PRK,-75.0,-0.0037%,172.14,-1.89%,173.3906,65506.3517,-10.26%,2052069.0,2052144.0
CHCO,-75.0,-0.0040%,125.33,-0.63%,125.6542,89933.82924,6.95%,1863679.0,1863754.0
MCRI,-75.0,-0.0050%,98.58,-0.55%,98.578,114342.24225,-18.74%,1491986.0,1492061.0
WDFC,-95.0,-0.0058%,219.06,1.72%,219.8691,254950.627582,-9.95%,1648550.0,1648645.0
IPAR,-105.0,-0.0047%,95.2,-2.87%,96.0914,176930.544351,12.55%,2236192.0,2236297.0
BANF,-110.0,-0.0036%,114.15,-0.91%,113.9332,109508.58636,-48.87%,3058885.0,3058995.0
MCD,-114.0,-0.0003%,301.84,-1.66%,302.6722,2707651.135759,13.06%,39107538.94,39107652.94
GDEN,-115.0,-0.0047%,28.25,-1.02%,28.4761,545000.2977,65.98%,2440445.0,2440560.0
XPEL,-120.0,-0.0039%,46.05,-2.02%,46.4784,161866.40101,18.62%,3088000.0,3088120.0
HII,-122.0,-0.0029%,378.21,-3.56%,381.3979,471462.892795,86.41%,4190506.19,4190628.19
FICO,-123.0,-0.0073%,1036.7,-2.51%,1042.306,358014.434187,48.36%,1683799.41,1683922.41
AMSF,-130.0,-0.0054%,33.15,-1.13%,33.2257,194856.209706,-6.42%,2392620.0,2392750.0
WABC,-130.0,-0.0041%,53.46,1.04%,53.3365,287782.3873,-41.44%,3187396.0,3187526.0
LQDT,-135.0,-0.0046%,33.71,-0.79%,33.8767,189102.498665,27.81%,2941292.0,2941427.0
MTD,-135.0,-0.0114%,1324.27,-0.03%,1328.6264,151313.488875,31.03%,1179676.66,1179811.66
TDG,-135.0,-0.0040%,1205.67,-5.41%,1213.6392,625978.38249,154.43%,3389550.62,3389685.62
LKFN,-135.0,-0.0039%,60.17,-1.94%,60.4536,111266.251641,35.35%,3446393.0,3446528.0
WTW,-143.0,-0.0023%,297.84,0.43%,298.3752,514010.981434,-15.47%,6150713.5600000005,6150856.5600000005
ES,-146.0,-0.0004%,66.82,-2.47%,67.2143,1636755.476067,23.17%,36891653.51,36891799.51
PSA,-147.0,-0.0005%,308.33,-1.23%,309.3437,866352.964777,22.83%,28800519.17,28800666.17
MATX,-150.0,-0.0038%,170.68,-3.59%,171.1507,352783.352489,51.56%,3930421.0,3930571.0
PLUS,-150.0,-0.0034%,86.53,0.86%,86.5326,148060.784975,-11.80%,4429930.0,4430080.0
DORM,-160.0,-0.0048%,110.26,-1.18%,110.5714,146739.762193,-1.11%,3366324.0,3366484.0
AON,-161.0,-0.0015%,335.32,1.02%,335.0391,1214884.883615,53.36%,10887774.95,10887935.95
FIZZ,-165.0,-0.0056%,32.93,-2.78%,32.9739,232903.984785,33.17%,2967712.0,2967877.0
ROK,-167.0,-0.0026%,410.04,-0.88%,412.5739,695656.832377,13.73%,6402913.7,6403080.7
ULTA,-168.0,-0.0053%,570.16,-0.36%,571.0396,616573.960682,-13.29%,3158792.24,3158960.24
DTE,-169.0,-0.0006%,143.47,-1.65%,144.0644,720366.741689,-0.67%,27841179.87,27841348.87
ROCK,-170.0,-0.0042%,38.74,-3.80%,39.2792,420219.609032,26.64%,4031991.0,4032161.0
BCPC,-180.0,-0.0045%,175.68,-1.04%,175.9987,258222.104148,23.96%,3963582.0,3963762.0
CASY,-182.0,-0.0077%,781.82,1.74%,778.0218,305857.170002,-7.78%,2375414.45,2375596.45
AXP,-184.0,-0.0006%,329.79,-0.02%,331.6893,2915884.914168,27.89%,30743893.87,30744077.87
PLMR,-185.0,-0.0056%,131.75,-0.50%,131.289,212646.634298,16.55%,3286868.0,3287053.0
LITE,-189.0,-0.0044%,836.92,-6.50%,863.7233,5724652.928788,71.54%,4294196.11,4294385.11
BMI,-190.0,-0.0044%,120.89,6.60%,117.9942,1731898.218391,-29.66%,4330600.0,4330790.0
HUBB,-195.0,-0.0062%,549.11,0.53%,549.7615,513465.172764,27.26%,3124533.23,3124728.23
LPG,-195.0,-0.0040%,35.54,-3.63%,36.015,495384.710162,-1.98%,4873036.0,4873231.0
CVSA,-195.0,-0.0046%,117.76,-0.83%,118.1975,250105.478906,24.76%,4235900.0,4236095.0
RSG,-198.0,-0.0017%,205.3,-1.51%,205.7577,2008731.508262,23.49%,11888667.45,11888865.45
SLVM,-200.0,-0.0048%,42.35,-2.42%,42.4969,269155.99445,23.21%,4133100.0,4133300.0
GFF,-200.0,-0.0039%,90.09,-0.76%,90.6597,413298.625047,-25.09%,5122411.0,5122611.0
FELE,-205.0,-0.0038%,101.04,0.32%,100.9762,276680.96728,-20.16%,5377623.0,5377828.0
MKTX,-205.0,-0.0054%,164.355,-0.37%,164.3097,272658.033568,-48.81%,3824413.0,3824618.0
REG,-208.0,-0.0013%,80.01,-1.37%,80.2376,1273023.777858,-2.26%,15476525.12,15476733.12
HRMY,-210.0,-0.0037%,32.14,8.84%,32.4906,3943251.483465,444.01%,5722034.0,5722244.0
SKYW,-210.0,-0.0041%,94.33,-1.63%,94.3418,317264.802544,2.45%,5131032.0,5131242.0
BLK,-212.0,-0.0031%,1042.85,-0.53%,1048.126,673870.920843,5.61%,6931767.42,6931979.42
LLY,-219.0,-0.0006%,903.02,-1.83%,897.3747,4062419.925008,110.91%,39528215.9,39528434.9
YOU,-219.0,-0.0018%,58.39,2.75%,58.1765,2282922.020604,7.52%,12425314.0,12425533.0
CMS,-219.0,-0.0007%,75.58,-1.90%,75.9173,2408723.7304,23.37%,32652517.04,32652736.04
OFG,-220.0,-0.0035%,44.71,5.08%,44.6408,637932.803707,59.64%,6259699.0,6259919.0
CVI,-220.0,-0.0044%,31.22,3.45%,30.987,980167.581767,11.15%,5028207.0,5028427.0
CNS,-225.0,-0.0058%,68.85,0.88%,68.5417,471122.804377,26.49%,3865482.0,3865707.0
PRG,-225.0,-0.0045%,32.05,-2.76%,32.3608,353047.938312,-23.25%,5036527.0,5036752.0
DG,-226.0,-0.0016%,124.11,-1.86%,125.0684,2294727.95461,-2.88%,14260055.46,14260281.46
CRVL,-235.0,-0.0062%,56.41,3.09%,56.0472,267673.876095,-17.84%,3770727.0,3770962.0
BKE,-235.0,-0.0060%,55.71,-0.41%,55.8755,393464.471481,-9.57%,3910953.0,3911188.0
ICE,-236.0,-0.0008%,158.63,-1.23%,159.2896,3103297.76352,12.75%,28110427.61,28110663.61
TDW,-240.0,-0.0034%,83.87,-1.34%,84.8019,464699.284482,-39.54%,6983345.0,6983585.0
HNI,-245.0,-0.0028%,37.3,-1.45%,37.52,470181.910928,-10.62%,8646083.0,8646328.0
GWW,-252.0,-0.0085%,1171.03,0.68%,1169.9814,180923.778615,4.54%,2974031.1,2974283.1
LRN,-255.0,-0.0049%,98.11,-0.88%,98.6908,669751.146038,28.19%,5174359.0,5174614.0
TDY,-258.0,-0.0081%,642.79,-0.46%,640.2399,447980.913339,11.82%,3169112.73,3169370.73
KFY,-260.0,-0.0040%,66.93,0.45%,67.2588,487540.193675,45.23%,6575736.0,6575996.0
WM,-270.0,-0.0014%,223.42,-0.34%,223.3074,1938707.541815,22.56%,19739362.18,19739632.18
EPAC,-275.0,-0.0042%,35.33,-1.37%,35.4732,372874.386794,-7.27%,6502650.0,6502925.0
QNST,-285.0,-0.0040%,13.08,0.00%,13.1851,699255.852697,0.80%,7044561.0,7044846.0
ASO,-290.0,-0.0035%,58.07,0.09%,58.0665,937694.711603,-14.02%,8363281.0,8363571.0
MSCI,-299.0,-0.0069%,597.39,5.37%,593.0064,1418261.225382,142.85%,4331296.95,4331595.95
000660 KS,-300.0,-0.0557%,0.0,0.00%,0.0,0.0,0.00%,537897.0,538197.0
SKY,-300.0,-0.0036%,81.77,-1.37%,82.2344,380285.905721,29.01%,8328864.0,8329164.0
ENR,-300.0,-0.0033%,19.75,-3.52%,19.9094,759815.193493,-21.22%,9104331.0,9104631.0
PJT,-305.0,-0.0102%,157.36,-0.51%,157.2318,332752.726563,-51.48%,3001607.0,3001912.0
TBBK,-310.0,-0.0049%,59.98,-1.61%,60.0353,515332.229898,76.47%,6377245.0,6377555.0
CALM,-310.0,-0.0055%,77.02,2.53%,76.4839,793193.881178,-20.75%,5590715.0,5591025.0
MLM,-311.0,-0.0090%,614.49,-2.05%,617.7104,504630.805797,62.03%,3468575.35,3468886.35
ECG,-320.0,-0.0061%,129.08,-0.20%,128.506,409740.925502,-18.66%,5266036.0,5266356.0
YELP,-330.0,-0.0045%,29.03,3.09%,29.0629,1383825.927033,68.21%,7379700.0,7380030.0
RAMP,-330.0,-0.0040%,29.18,-0.95%,29.5009,511276.647173,7.51%,8179510.0,8179840.0
FSS,-335.0,-0.0045%,113.5,-1.54%,114.0768,674906.622426,86.08%,7387742.0,7388077.0
EVTC,-340.0,-0.0044%,30.7,-0.90%,30.8312,272206.3141,24.58%,7741594.0,7741934.0
CB,-342.0,-0.0019%,329.29,-0.21%,329.1293,2156537.306958,62.70%,18437487.99,18437829.99
NSC,-353.0,-0.0033%,302.22,-0.63%,302.4565,901551.904618,-20.07%,10604617.13,10604970.13
BL,-355.0,-0.0054%,31.56,-0.75%,31.9349,1253098.174929,2.38%,6566578.0,6566933.0
SYK,-355.0,-0.0021%,327.3,-3.26%,330.742,1690263.343493,45.88%,17184082.34,17184437.34
ATEN,-360.0,-0.0032%,27.71,1.80%,27.674,1090789.904641,-22.65%,11314016.0,11314376.0
WHD,-360.0,-0.0036%,53.33,1.54%,53.1956,821661.730128,16.81%,10088279.0,10088639.0
MCK,-361.0,-0.0052%,842.25,-1.95%,842.3341,1240977.90488,113.17%,6998694.04,6999055.04
MSI,-366.0,-0.0037%,445.48,-0.32%,445.279,824916.3159,-1.93%,10002488.92,10002854.92
HSY,-375.0,-0.0040%,188.71,-1.43%,189.579,1258397.225729,-39.63%,9299857.45,9300232.45
PIPR,-385.0,-0.0045%,91.23,0.08%,91.4283,662523.467332,24.27%,8546740.0,8547125.0
LII,-391.0,-0.0146%,492.69,-0.16%,494.3058,475307.613061,74.92%,2670014.46,2670405.46
ECL,-394.0,-0.0029%,270.84,-1.76%,271.4809,1109645.894376,-4.31%,13521499.68,13521893.68
INVA,-395.0,-0.0039%,23.61,-1.30%,23.5711,536747.647932,-9.03%,10051805.0,10052200.0
EG,-400.0,-0.0122%,349.82,-0.23%,350.6307,354796.900485,14.03%,3291666.64,3292066.64
EAT,-405.0,-0.0076%,147.71,-6.70%,148.0772,1822792.03023,-0.90%,5338264.0,5338669.0
NMIH,-425.0,-0.0043%,39.78,-0.95%,39.8477,347645.855706,20.32%,9852834.0,9853259.0
KTB,-425.0,-0.0065%,78.87,0.82%,78.9358,530024.476962,-20.06%,6523455.0,6523880.0
DE,-431.0,-0.0038%,587.3,-1.21%,590.0934,631826.007558,-31.32%,11374459.52,11374890.52
DPZ,-434.0,-0.0216%,369.2,-0.07%,369.2444,561096.805653,-15.34%,2011612.46,2012046.46
SPGI,-441.0,-0.0030%,444.67,0.44%,446.7905,1535141.577079,3.76%,14775074.74,14775515.74
QRVO,-450.0,-0.0048%,83.09,0.58%,83.3938,597445.334784,-9.66%,9362894.0,9363344.0
TPH,-455.0,-0.0038%,46.9,0.11%,46.8866,2824859.587766,22.44%,11993208.0,11993663.0
NTCT,-460.0,-0.0051%,33.36,1.68%,33.2648,598743.502608,-5.42%,9017785.0,9018245.0
WWW,-475.0,-0.0047%,18.5,-0.70%,18.6233,836891.39932,10.82%,10182109.0,10182584.0
TRV,-481.0,-0.0024%,301.42,0.21%,301.3287,2233912.174763,21.84%,20002419.78,20002900.78
TMO,-496.0,-0.0030%,524.57,-0.28%,527.8154,2140694.755359,48.92%,16741956.02,16742452.02
SBH,-500.0,-0.0038%,15.16,2.02%,15.1889,1243745.417249,35.89%,13264252.0,13264752.0
TYL,-515.0,-0.0139%,341.46,-1.29%,342.5664,336753.169973,46.88%,3700851.93,3701366.93
AVB,-523.0,-0.0050%,172.14,-2.39%,173.3504,690403.999857,-7.75%,10541552.36,10542075.36
UNP,-524.0,-0.0018%,251.25,-0.37%,250.6453,3232212.113,22.57%,28332511.18,28333035.18
PPL,-527.0,-0.0009%,38.21,-1.34%,38.3093,7481048.402013,32.59%,60607133.73,60607660.73
SNA,-527.0,-0.0158%,383.58,-0.85%,386.119,455627.458624,-11.98%,3343458.86,3343985.86
OII,-530.0,-0.0034%,37.82,1.94%,37.755,1183446.387451,-2.80%,15567796.0,15568326.0
RHI,-530.0,-0.0041%,28.91,3.18%,29.3322,3703934.246667,70.14%,12939169.0,12939699.0
ARLO,-550.0,-0.0040%,14.78,-1.27%,14.8995,962864.535212,-13.62%,13834249.0,13834799.0
KN,-550.0,-0.0051%,31.42,3.25%,31.1905,943802.814971,35.59%,10706220.0,10706770.0
DGX,-556.0,-0.0081%,205.04,4.45%,205.6521,2426153.669899,23.52%,6881976.3100000005,6882532.3100000005
BR,-558.0,-0.0067%,161.87,0.37%,162.5533,1067544.8435,0.94%,8289430.28,8289988.28
AFL,-561.0,-0.0021%,115.97,1.13%,115.7936,2928447.737699,80.96%,26769952.67,26770513.67
JKHY,-565.0,-0.0095%,155.5,1.06%,155.952,1112068.950263,92.20%,5948588.87,5949153.87
STE,-579.0,-0.0067%,219.45,-3.07%,222.8398,1203862.642524,161.36%,8655459.41,8656038.41
AMP,-583.0,-0.0088%,461.08,0.98%,461.8944,566203.695555,-1.45%,6591381.59,6591964.59
CHRW,-588.0,-0.0068%,183.64,-0.17%,183.3017,1443187.149165,-39.95%,8678631.95,8679219.95
APD,-594.0,-0.0049%,294.78,-0.46%,295.4438,969124.292208,6.78%,12062396.15,12062990.15
NDSN,-598.0,-0.0162%,282.72,-0.13%,284.9215,516980.29789,136.29%,3696178.08,3696776.08
MCO,-600.0,-0.0070%,459.59,-0.07%,463.6945,1687871.767056,39.60%,8522105.91,8522705.91
ACIW,-600.0,-0.0045%,44.22,-2.06%,45.0718,1342920.265718,2.94%,13465893.0,13466493.0
HLT,-605.0,-0.0047%,340.21,-0.78%,340.8037,1414076.973947,35.74%,12915027.89,12915632.89
ACAD,-610.0,-0.0029%,21.8,-1.31%,21.8376,991559.667324,-4.43%,20870145.0,20870755.0
STT,-619.0,-0.0030%,153.57,2.26%,153.9609,3701822.977532,19.87%,20454402.18,20455021.18
WAT,-622.0,-0.0096%,335.23,-0.11%,338.73,999221.437463,33.46%,6471729.609999999,6472351.609999999
SHW,-624.0,-0.0036%,334.61,-2.71%,336.4188,1489511.386484,13.38%,17137164.93,17137788.93
PGNY,-625.0,-0.0063%,18.02,-3.33%,18.2355,1301596.319001,20.99%,9910874.0,9911499.0
AWK,-625.0,-0.0041%,132.05,-0.90%,131.7223,1752739.435428,4.77%,15346706.25,15347331.25
ADEA,-625.0,-0.0042%,29.72,0.68%,29.7727,1760558.02364,30.59%,14766205.0,14766830.0
GPOR,-630.0,-0.0610%,185.01,-2.56%,185.5393,572043.453538,32.17%,1032427.0,1033057.0
MAA,-647.0,-0.0065%,125.74,-2.88%,127.1418,750783.290193,3.98%,9934619.47,9935266.47
CINF,-648.0,-0.0056%,166.46,0.28%,166.5356,640755.191112,22.20%,11672262.99,11672910.99
FFIV,-650.0,-0.0137%,315.56,0.50%,316.8387,801098.059137,63.35%,4735543.0,4736193.0
ESS,-668.0,-0.0118%,253.16,-2.08%,254.4777,303836.362074,0.94%,5681970.54,5682638.54
VRSN,-669.0,-0.0110%,269.78,-2.19%,269.7881,1121695.196435,80.54%,6093709.8100000005,6094378.8100000005
RDN,-670.0,-0.0038%,35.37,0.34%,35.2758,990793.21093,48.63%,17572754.0,17573424.0
LH,-670.0,-0.0135%,273.42,1.57%,275.124,674934.182281,19.26%,4944555.19,4945225.19
MC,-670.0,-0.0070%,68.74,0.07%,69.078,1245190.955028,50.62%,9538331.0,9539001.0
TKO,-674.0,-0.0077%,183.1,-0.87%,184.1127,1148927.337561,-11.16%,8772921.7,8773595.7
SEM,-675.0,-0.0048%,16.42,0.06%,16.4283,823420.900795,-46.50%,14024111.0,14024786.0
VMC,-675.0,-0.0089%,290.72,-1.37%,292.0852,592634.131172,6.46%,7622539.77,7623214.77
WST,-680.0,-0.0150%,274.72,-1.18%,276.2451,947745.277339,-5.99%,4531417.0,4532097.0
PODD,-680.0,-0.0131%,192.33,-4.25%,193.9232,788767.029016,34.37%,5200486.87,5201166.87
NEE,-686.0,-0.0005%,90.6,-1.53%,91.2428,8625489.999435,11.52%,144220892.01,144221578.01
MRSH,-686.0,-0.0027%,179.0,2.53%,177.8012,3485705.020984,-30.74%,25175101.59,25175787.59
VRT,-687.0,-0.0031%,312.44,-0.63%,316.8533,7282609.702278,55.92%,22074693.41,22075380.41
TDC,-690.0,-0.0055%,27.51,1.59%,27.5739,1380525.583296,-39.37%,12525610.0,12526300.0
TSM,-700.0,-0.0037%,368.08,0.50%,367.9663,9804900.98229,-15.74%,18996284.0,18996984.0
COHR,-704.0,-0.0065%,343.79,-1.07%,348.4379,5113146.576459,32.13%,10767333.51,10768037.51
ENPH,-705.0,-0.0040%,33.62,-0.77%,34.4672,7176903.420411,-20.74%,17503152.0,17503857.0
CXM,-725.0,-0.0045%,5.21,-2.25%,5.2506,8894145.90044,-0.85%,16176107.0,16176832.0
ROL,-725.0,-0.0030%,54.71,-0.35%,54.7009,3291516.587409,37.14%,24213311.9,24214036.9
CARG,-730.0,-0.0073%,37.86,1.97%,37.9745,855132.971421,44.74%,10002968.0,10003698.0
AIZ,-730.0,-0.0143%,228.96,1.21%,228.5835,373212.837396,64.64%,5090519.22,5091249.22
ERIE,-731.0,-0.0311%,253.85,0.09%,254.3336,215498.517702,-4.16%,2350493.63,2351224.63
TT,-738.0,-0.0060%,479.12,0.39%,479.7507,1033091.003777,38.69%,12366261.24,12366999.24
WAB,-740.0,-0.0083%,257.63,-2.51%,259.3119,1239246.036214,48.60%,8890010.26,8890750.26
GRMN,-757.0,-0.0074%,265.49,-0.76%,266.7786,578555.409364,11.41%,10253921.52,10254678.52
MTB,-767.0,-0.0045%,218.9,-0.36%,219.5393,1109377.392616,11.01%,17163555.68,17164322.68
BIIB,-774.0,-0.0075%,185.95,1.42%,186.1996,1063189.659209,-28.37%,10354888.34,10355662.34
NTRS,-779.0,-0.0054%,171.74,8.02%,169.7072,2735682.821691,127.40%,14318950.99,14319729.99
FRT,-785.0,-0.0083%,111.13,-1.07%,111.4455,685918.317331,10.31%,9453402.33,9454187.33
WYFI,-796.0,-0.1332%,15.97,-3.21%,16.413,855208.953086,62.02%,596943.0,597739.0
CPT,-802.0,-0.0086%,102.48,-2.18%,102.7848,946657.551642,0.17%,9378215.76,9379017.76
ITW,-808.0,-0.0050%,271.05,-0.60%,271.4335,816141.240993,-27.04%,16001193.68,16002001.68
PKG,-810.0,-0.0131%,210.53,-1.35%,211.6341,715603.871265,-20.31%,6203585.41,6204395.41
ZWS,-820.0,-0.0044%,47.94,0.33%,47.8184,1905711.367214,54.99%,18807435.0,18808255.0
FDX,-823.0,-0.0075%,394.59,0.21%,395.0617,1484322.000718,27.87%,11001419.76,11002242.76
TRGP,-829.0,-0.0049%,232.65,0.49%,232.591,1460827.347913,3.45%,16764387.51,16765216.51
EIX,-829.0,-0.0019%,69.73,-1.20%,70.184,2265094.036748,15.07%,44291863.58,44292692.58
HIG,-841.0,-0.0036%,139.15,0.15%,139.233,1354744.388769,17.63%,23503291.94,23504132.94
FDS,-842.0,-0.0253%,240.32,1.88%,242.158,791082.86138,-19.42%,3331394.88,3332236.88
LDOS,-845.0,-0.0084%,153.2,-1.05%,153.892,700755.045715,14.98%,10015297.82,10016142.82
RMD,-848.0,-0.0089%,221.22,-2.18%,222.4239,1127670.007891,5.16%,9570483.14,9571331.14
IEX,-856.0,-0.0165%,204.79,-0.76%,205.6602,594220.461856,-5.72%,5202023.36,5202879.36
POOL,-866.0,-0.0332%,233.13,0.45%,233.3283,784082.096722,61.63%,2607950.09,2608816.09
FSLR,-868.0,-0.0101%,186.61,-3.05%,188.4821,1860421.648882,-0.45%,8610064.49,8610932.49
CPRX,-870.0,-0.0051%,25.64,-1.65%,25.7249,835415.652576,-45.96%,17184917.0,17185787.0
MAQ AU,-877.0,-0.3150%,0.0,0.00%,0.0,0.0,0.00%,277509.0,278386.0
MWA,-880.0,-0.0043%,27.72,0.69%,27.6487,1541362.496745,-12.96%,20602297.0,20603177.0
EFX,-880.0,-0.0130%,192.42,-3.04%,193.7181,2939501.158836,30.86%,6790088.45,6790968.45
EXR,-886.0,-0.0058%,143.64,-2.25%,144.5624,1266853.134473,17.01%,15155645.95,15156531.95
FBP,-895.0,-0.0041%,24.04,2.17%,23.9034,4126934.705924,263.94%,21568979.0,21569874.0
AJG,-899.0,-0.0072%,224.46,0.62%,224.1196,1550056.598068,18.52%,12528967.07,12529866.07
DRI,-899.0,-0.0118%,196.95,-2.43%,197.603,884904.551029,-5.74%,7603040.85,7603939.85
EQIX,-902.0,-0.0173%,1094.34,-0.87%,1097.2379,507204.438696,35.92%,5216435.97,5217337.97
LEG,-920.0,-0.0052%,11.67,-2.67%,11.7752,3095337.352167,-16.33%,17794903.0,17795823.0
SPG,-921.0,-0.0044%,204.76,-1.35%,205.3899,1365390.216813,37.51%,21131695.56,21132616.56
APAM,-925.0,-0.0104%,37.93,0.85%,37.9296,768357.626077,25.57%,8905643.0,8906568.0
UHS,-929.0,-0.0228%,178.55,-0.65%,179.215,535634.375141,-21.94%,4067947.72,4068876.72
ALKS,-935.0,-0.0038%,33.52,-2.07%,33.691,1259425.385039,12.01%,24813870.0,24814805.0
BG,-950.0,-0.0080%,125.83,2.75%,125.358,1365921.995544,16.85%,11899593.46,11900543.46
JBHT,-952.0,-0.0176%,251.09,-0.20%,252.1567,897361.47513,-0.46%,5392841.6,5393793.6
VLTO,-959.0,-0.0057%,89.68,-0.68%,90.1599,1317243.183766,-12.11%,16846657.29,16847616.29
LNC,-960.0,-0.0043%,36.69,-1.19%,36.8872,2798810.067864,86.37%,22409192.0,22410152.0
STLD,-967.0,-0.0097%,220.21,5.19%,220.7144,2451124.738152,10.79%,9963854.35,9964821.35
EXPD,-976.0,-0.0097%,150.98,1.12%,150.5137,1050418.373569,14.08%,10031421.31,10032397.31
DOV,-981.0,-0.0124%,220.28,-0.73%,221.0581,922408.468257,22.42%,7928633.9,7929614.9
AVY,-998.0,-0.0184%,169.46,-1.55%,170.1863,474010.347474,2.70%,5415147.12,5416145.12
PNC,-1003.0,-0.0045%,228.05,0.45%,228.2619,3090140.583479,43.67%,22263121.03,22264124.03
SD,-1008.0,-0.0536%,14.71,1.73%,14.6689,264322.831675,4.05%,1880390.0,1881398.0
FOX,-1010.0,-0.0064%,57.63,-0.62%,57.6748,773818.971802,-13.49%,15710923.99,15711933.99
EW,-1022.0,-0.0032%,79.71,-2.12%,80.2183,4880694.344944,-11.41%,32108228.44,32109250.44
UPWK,-1040.0,-0.0065%,11.08,-0.09%,11.2108,2265166.149104,0.37%,15929023.0,15930063.0
HD,-1043.0,-0.0020%,343.92,-2.01%,346.1561,3079824.461074,-5.54%,52244305.99,52245348.99
ABBV,-1056.0,-0.0011%,205.12,0.69%,204.6003,7771240.530917,34.59%,92604678.71,92605734.71
DHR,-1060.0,-0.0037%,194.54,-0.49%,194.7882,7861859.231301,49.16%,28407787.5,28408847.5
PTC,-1061.0,-0.0114%,140.93,0.13%,141.4145,550897.549627,-32.46%,9343433.75,9344494.75
AMPY,-1062.0,-0.2393%,5.53,3.36%,5.3978,1440523.957014,191.23%,442784.0,443846.0
IBM,-1085.0,-0.0019%,255.68,0.78%,255.859,5582927.297201,8.27%,56431325.71,56432410.71
YUM,-1121.0,-0.0068%,160.34,-0.91%,160.4263,1444699.874767,-0.98%,16577788.82,16578909.82
CLX,-1122.0,-0.0100%,99.61,-2.51%,100.1776,2999766.153434,5.54%,11185989.17,11187111.17
IQV,-1123.0,-0.0115%,175.69,-0.61%,177.1533,1831360.990379,74.56%,9783939.76,9785062.76
CRM,-1141.0,-0.0020%,187.11,0.45%,189.2844,12064726.722226,-16.09%,57839073.27,57840214.27
EBAY,-1142.0,-0.0042%,105.4,-1.61%,105.5794,5662397.911985,21.71%,27309276.13,27310418.13
LULU,-1143.0,-0.0140%,166.7,-0.07%,167.4522,1723321.29563,31.69%,8177234.81,8178377.81
IT,-1147.0,-0.0182%,158.97,1.75%,158.8012,1167700.6511,0.41%,6284815.23,6285962.23
MA,-1149.0,-0.0027%,511.35,-1.03%,513.1682,3443638.860837,37.55%,42687445.65,42688594.65
NUE,-1155.0,-0.0075%,208.06,2.87%,207.8114,1939835.625494,41.52%,15422262.26,15423417.26
ALLE,-1155.0,-0.0199%,143.47,-1.14%,144.3869,698516.916656,-15.80%,5817455.12,5818610.12
CHD,-1176.0,-0.0064%,93.21,-3.46%,93.7346,2004673.061834,29.27%,18420377.55,18421553.55
DVA,-1193.0,-0.0371%,149.9,0.38%,150.2611,461883.361273,1.70%,3215863.33,3217056.33
FOXA,-1222.0,-0.0052%,64.31,-0.68%,64.4686,2483569.099068,33.62%,23292060.75,23293282.75
GL,-1232.0,-0.0173%,150.92,-0.12%,151.0554,538202.769644,17.36%,7125523.1,7126755.1
BDX,-1236.0,-0.0077%,156.69,-1.23%,157.682,3213537.103793,-2.67%,16058779.64,16060015.64
LNG,-1242.0,-0.0268%,257.78,2.15%,256.2002,2256769.059563,12.65%,4627153.0,4628395.0
COR,-1244.0,-0.0088%,312.39,-3.29%,313.6233,1966455.704127,73.54%,14141871.01,14143115.01
LYV,-1264.0,-0.0080%,153.37,-1.74%,154.5454,2147878.342093,-25.59%,15845810.09,15847074.09
RJF,-1270.0,-0.0118%,154.54,1.51%,154.2554,1397430.10488,-0.05%,10807094.24,10808364.24
TGTX,-1270.0,-0.0062%,36.28,-1.84%,36.5199,2079543.642456,-16.20%,20498550.0,20499820.0
BRK/B,-1273.0,-0.0518%,0.0,0.00%,0.0,0.0,0.00%,2454663.0,2455936.0
UDR,-1296.0,-0.0043%,34.98,-2.26%,35.1525,2614018.927112,-16.27%,30149844.79,30151140.79
LOW,-1304.0,-0.0050%,251.19,-0.83%,252.7148,2491604.075566,-35.32%,26003339.29,26004643.29
HAS,-1308.0,-0.0112%,91.07,-4.52%,91.4841,4189994.487434,255.39%,11679612.38,11680920.38
PLD,-1309.0,-0.0026%,141.92,-2.14%,142.2006,4322188.436875,51.22%,49541841.03,49543150.03
DTM,-1338.0,-0.0148%,130.42,-1.31%,130.5127,694444.797039,46.05%,9067890.0,9069228.0
STZ,-1342.0,-0.0150%,156.95,-1.80%,157.84,1367680.227357,-24.19%,8923297.82,8924639.82
DLTR,-1356.0,-0.0109%,103.83,-3.19%,106.1874,4931135.167839,63.55%,12494650.25,12496006.25
CAH,-1371.0,-0.0083%,204.92,-2.96%,206.1866,1562821.953646,14.17%,16572800.18,16574171.18
KNTK,-1386.0,-0.0225%,46.88,0.77%,46.9265,1102348.892522,88.91%,6156267.0,6157653.0
PHM,-1428.0,-0.0091%,128.64,0.97%,130.0109,2591046.170071,43.80%,15695884.4,15697312.4
DHI,-1435.0,-0.0071%,162.2,5.78%,163.7897,6261588.266007,81.75%,20287490.34,20288925.34
XYL,-1444.0,-0.0099%,119.98,-0.40%,119.9022,2969185.940337,-12.73%,14626743.46,14628187.46
VLO,-1449.0,-0.0064%,233.39,3.14%,230.4275,2685216.768239,-18.68%,22475162.28,22476611.28
ADMA,-1460.0,-0.0041%,10.78,-0.92%,10.8168,5310322.713799,7.58%,35728802.0,35730262.0
Q,-1466.0,-0.0118%,134.85,-2.35%,135.5747,1209667.652803,17.22%,12452135.1,12453601.1
J,-1513.0,-0.0188%,129.51,0.50%,129.8882,807956.052559,32.68%,8065660.87,8067173.87
A,-1514.0,-0.0096%,122.09,0.93%,122.3766,1799417.665943,43.72%,15730971.96,15732485.96
BA,-1518.0,-0.0026%,219.16,-2.63%,221.1421,7577663.710295,51.14%,57457486.08,57459004.08
EQR,-1525.0,-0.0054%,61.85,-2.49%,62.2651,2510079.079687,20.55%,28158516.43,28160041.43
MPC,-1577.0,-0.0076%,220.35,2.91%,218.6038,1466613.428301,3.47%,20774799.12,20776376.12
AKAM,-1589.0,-0.0158%,98.08,0.47%,98.2798,2805899.365794,-4.91%,10049286.62,10050875.62
ALL,-1593.0,-0.0059%,216.34,0.55%,217.0815,1415066.452496,10.41%,26937340.15,26938933.15
IRM,-1596.0,-0.0081%,117.83,-2.24%,119.0224,1526714.640645,5.47%,19627109.53,19628705.53
010130 KS,-1600.0,-0.6966%,0.0,0.00%,0.0,0.0,0.00%,228100.0,229700.0
ADM,-1608.0,-0.0040%,69.83,2.14%,69.5841,2906560.24129,-16.66%,40323686.37,40325294.37
DOC,-1624.0,-0.0024%,16.47,-3.68%,16.6145,7527543.808748,23.71%,66549884.1,66551508.1
SJM,-1632.0,-0.0177%,95.74,-0.42%,95.4191,1326325.779223,-16.94%,9223673.14,9225305.14
CF,-1656.0,-0.0161%,121.31,4.63%,120.2732,3176940.288376,-10.12%,10252220.94,10253876.94
WRB,-1658.0,-0.0067%,65.4,-1.21%,65.5305,3618930.645983,109.99%,24920606.2,24922264.2
ELV,-1674.0,-0.0142%,328.11,2.74%,328.293,2101471.816521,30.72%,11783018.36,11784692.36
SATS,-1681.0,-0.0084%,123.86,-8.33%,126.8534,7629975.062543,105.72%,20069718.11,20071399.11
KMB,-1695.0,-0.0057%,96.6,-1.97%,97.3511,4557756.743886,23.22%,29944399.54,29946094.54
MDT,-1696.0,-0.0024%,82.0,-3.53%,83.0359,10785190.804127,26.89%,70829331.0,70831027.0
CDW,-1701.0,-0.0190%,141.41,3.33%,141.1056,1713891.890979,56.15%,8949474.85,8951175.85
ZBH,-1718.0,-0.0136%,92.69,-2.92%,93.1857,1841609.934046,18.72%,12675964.48,12677682.48
NWS,-1731.0,-0.0115%,30.42,1.47%,30.3187,790059.817688,43.55%,15094260.98,15095991.98
WYNN,-1731.0,-0.0282%,107.66,-1.04%,108.1085,937564.983848,-25.42%,6141611.79,6143342.79
GPC,-1752.0,-0.0137%,115.0,2.14%,114.5994,2866858.397673,32.05%,12760100.59,12761852.59
TROW,-1754.0,-0.0076%,99.14,1.06%,99.2772,2788521.644186,72.04%,23028289.1,23030043.1
TXT,-1762.0,-0.0110%,90.79,-0.78%,90.9385,1565082.081136,160.99%,16010103.5,16011865.5
CBRE,-1806.0,-0.0097%,149.85,-1.80%,150.47,2309415.354975,78.05%,18526224.6,18528030.6
PNR,-1847.0,-0.0146%,89.99,-0.49%,90.3171,1066285.896224,3.96%,12672108.43,12673955.43
PFG,-1848.0,-0.0106%,95.73,-0.48%,96.2406,1827185.625659,52.01%,17371931.19,17373779.19
TSN,-1877.0,-0.0087%,64.57,1.41%,64.3946,2217183.058781,-28.40%,21625112.67,21626989.67
BLDR,-1887.0,-0.0214%,89.76,-1.71%,90.9196,1956641.96672,-25.34%,8808955.32,8810842.32
V,-1905.0,-0.0020%,309.94,-1.27%,310.9488,6803971.697445,23.57%,93945211.94,93947116.94
GDDY,-1953.0,-0.0170%,88.6,1.13%,88.2698,1685602.675241,18.62%,11457020.61,11458973.61
TJX,-1958.0,-0.0030%,159.25,-0.28%,159.4935,3236560.511406,-20.32%,65221123.69,65223081.69
GM,-1986.0,-0.0039%,79.05,-1.85%,79.7243,5351983.823829,35.24%,50499542.54,50501528.54
NFG,-1994.0,-0.0236%,86.26,-0.47%,86.527,835259.444688,19.67%,8444045.0,8446039.0
RVTY,-1994.0,-0.0256%,94.27,1.33%,94.5844,1089806.466672,10.74%,7785696.03,7787690.03
SRE,-1998.0,-0.0044%,93.15,-0.25%,93.2686,2974823.7458,-15.32%,45405794.38,45407792.38
ACN,-2000.0,-0.0053%,194.42,-0.33%,195.7348,4202170.373445,-9.27%,37584572.06,37586572.06
GIS,-2004.0,-0.0040%,35.05,-0.65%,35.1247,7102307.673468,-2.23%,49735740.28,49737744.28
INCY,-2011.0,-0.0131%,96.22,-0.72%,96.3863,1478469.941786,43.09%,15344358.92,15346369.92
PRU,-2021.0,-0.0058%,96.45,-5.99%,97.1258,4543774.720651,207.31%,34707908.6,34709929.6
PSX,-2039.0,-0.0068%,159.38,2.33%,158.6219,1807266.835481,-14.73%,30007128.75,30009167.75
IR,-2054.0,-0.0108%,84.81,-1.40%,85.5243,2406264.618287,14.25%,18984109.01,18986163.01
NDAQ,-2066.0,-0.0078%,87.6,-0.21%,87.8827,2254623.554919,-0.76%,26423540.78,26425606.78
LEN,-2073.0,-0.0137%,94.81,0.73%,95.6017,2998880.453496,40.53%,15180220.12,15182293.12
HSIC,-2075.0,-0.0272%,78.84,-0.39%,79.5562,1126657.11923,-20.25%,7639336.15,7641411.15
HUM,-2079.0,-0.0261%,217.36,3.34%,219.9392,3066881.559565,103.52%,7973486.34,7975565.34
PPG,-2080.0,-0.0123%,110.92,-3.32%,111.8994,2064481.714977,46.13%,16840169.73,16842249.73
CVX,-2082.0,-0.0017%,185.98,1.49%,184.8796,9797967.112636,1.43%,121152969.62,121155051.62
ABT,-2092.0,-0.0023%,92.72,-3.42%,93.5627,17160629.047179,82.34%,91670307.0,91672399.0
ZTS,-2095.0,-0.0085%,118.18,-3.70%,119.8947,3727943.190006,-1.95%,24538471.72,24540566.72
COP,-2097.0,-0.0028%,120.26,3.27%,119.4063,8137416.938432,32.87%,75693814.53999999,75695911.53999999
OMC,-2138.0,-0.0061%,78.07,-0.55%,78.4713,3749700.3959,12.78%,35142229.5,35144367.5
MMM,-2170.0,-0.0070%,148.47,-1.94%,149.8394,7232056.06168,54.79%,30999827.4,31001997.4
JPM,-2178.0,-0.0012%,313.0,-1.26%,314.7828,7080997.833324,-34.24%,188357605.99,188359783.99
ACGL,-2198.0,-0.0083%,98.85,1.40%,98.5634,2394175.611058,72.13%,26555387.49,26557585.49
OTIS,-2198.0,-0.0106%,78.87,-2.30%,79.2915,3989804.766769,31.46%,20779533.73,20781731.73
AIG,-2222.0,-0.0074%,77.93,-0.80%,78.0813,2524582.730143,26.88%,29911348.56,29913570.56
CRH,-2230.0,-0.0070%,117.36,-1.01%,117.7298,2494301.740009,2.73%,31963606.56,31965836.56
CL,-2232.0,-0.0044%,81.81,-2.06%,82.2559,5366884.019651,5.09%,50219908.53,50222140.53
COO,-2281.0,-0.0182%,67.3,-3.11%,67.9002,1683368.04308,13.76%,12520962.46,12523243.46
IFF,-2285.0,-0.0143%,72.42,-2.71%,73.0852,1179017.222289,-17.63%,15991372.44,15993657.44
CI,-2315.0,-0.0163%,276.69,-1.15%,278.5475,1974964.705516,55.31%,14157603.92,14159918.92
PGR,-2336.0,-0.0069%,207.5,1.83%,207.2184,2900424.125167,14.15%,33692132.78,33694468.78
ARE,-2366.0,-0.0159%,47.81,-2.39%,47.8034,1420169.704422,-11.98%,14918070.98,14920436.98
SBAC,-2404.0,-0.0337%,213.1,-3.32%,215.3853,1195134.771258,80.65%,7122546.41,7124950.41
SYY,-2410.0,-0.0069%,74.79,-1.93%,75.1644,3493101.097243,10.22%,35076033.26,35078443.26
TGT,-2429.0,-0.0077%,132.1,1.47%,132.2303,5744984.282869,-1.26%,31609853.18,31612282.18
AOS,-2445.0,-0.0239%,64.99,-0.93%,65.2993,852565.084208,-39.25%,10242141.6,10244586.6
BXP,-2457.0,-0.0164%,58.5,-0.70%,58.7037,1484797.749481,-0.80%,14951017.91,14953474.91
BRO,-2493.0,-0.0138%,68.95,1.73%,68.7717,2095255.905126,20.74%,18098090.78,18100583.78
CRK,-2538.0,-0.0214%,16.51,-1.67%,16.519,2054454.636289,34.05%,11871815.0,11874353.0
CFG,-2591.0,-0.0067%,65.3,-0.70%,65.6009,5603088.957797,15.66%,38487296.76,38489887.76
FISV,-2609.0,-0.0093%,63.26,-1.37%,63.7543,4638837.751304,-18.43%,28160665.14,28163274.14
CNX,-2648.0,-0.0166%,37.89,-0.16%,37.838,1589269.156777,-25.68%,15954439.0,15957087.0
BALL,-2676.0,-0.0148%,63.36,-1.05%,63.869,2546962.355408,12.22%,18088882.03,18091558.03
MAS,-2811.0,-0.0191%,66.76,0.12%,66.3558,6557851.886627,67.87%,14681805.68,14684616.68
SOLV,-2814.0,-0.0266%,68.97,-1.53%,69.5528,778919.215137,-20.52%,10584624.04,10587438.04
APTV,-2828.0,-0.0207%,60.8,-0.05%,61.2188,2189352.561434,9.29%,13675893.83,13678721.83
BSX,-2836.0,-0.0039%,59.52,-2.41%,60.2489,26839890.406939,62.63%,73390768.99000001,73393604.99000001
AMCR,-2847.0,-0.0078%,41.1,-1.32%,41.3343,3537020.066173,3.90%,36557574.65,36560421.65
MKC,-2881.0,-0.0145%,51.98,-1.65%,52.1484,3237696.632602,-34.60%,19859987.85,19862868.85
MOS,-2958.0,-0.0117%,24.2,0.37%,24.2531,5423010.237409,-45.69%,25310842.11,25313800.11
DIS,-2999.0,-0.0036%,104.29,-1.89%,104.8014,7782729.642561,21.19%,84231951.3,84234950.3
FTV,-3038.0,-0.0162%,61.03,0.10%,61.1625,2659130.148898,23.59%,18796029.97,18799067.97
CTVA,-3186.0,-0.0087%,80.35,0.07%,80.2912,2353831.143123,-28.39%,36821539.29,36824725.29
TAP,-3203.0,-0.0216%,43.59,-1.58%,43.8573,2009232.575883,-23.62%,14855342.29,14858545.29
WTI,-3204.0,-0.0851%,3.24,8.72%,3.1431,7645896.452165,1.89%,3763543.0,3766747.0
TECH,-3210.0,-0.0249%,59.67,-1.50%,60.2912,1992271.731408,-1.00%,12887430.58,12890640.58
TFC,-3310.0,-0.0039%,51.07,0.45%,51.1554,8659076.971993,17.80%,84457961.84,84461271.84
UNH,-3351.0,-0.0065%,346.01,6.96%,350.4159,26394604.426294,191.67%,51463251.48,51466602.48
LVS,-3355.0,-0.0160%,57.54,0.61%,57.426,3943604.627032,4.73%,20955045.19,20958400.19
CAG,-3399.0,-0.0059%,14.67,-1.15%,14.6978,12382214.989182,11.20%,57362141.84,57365540.84
BMY,-3412.0,-0.0034%,59.39,0.44%,59.1723,8999363.877801,17.23%,100864413.13,100867825.13
INVH,-3415.0,-0.0071%,26.94,-1.89%,27.0268,3356108.262107,-37.08%,48198168.46,48201583.46
UBER,-3428.0,-0.0034%,77.26,-0.30%,77.614,11691010.199272,1.61%,100918362.49,100921790.49
CARR,-3443.0,-0.0090%,61.71,0.10%,61.9241,5103725.84245,0.57%,38137955.65,38141398.65
PG,-3447.0,-0.0029%,142.32,-1.50%,142.6732,11195622.723163,38.49%,119470711.49,119474158.49
USB,-3487.0,-0.0033%,56.84,-0.28%,57.0765,9237808.48803,11.50%,105045825.0,105049312.0
FIS,-3594.0,-0.0125%,47.69,-1.30%,48.0247,4975271.449058,37.54%,28690990.32,28694584.32
WMB,-3622.0,-0.0045%,70.43,-0.68%,70.3938,5258003.811866,12.07%,80476885.91,80480507.91
WU,-3650.0,-0.0108%,9.54,0.21%,9.554,7462327.815653,-10.64%,33758143.0,33761793.0
BEN,-3724.0,-0.0094%,27.24,-1.77%,27.4899,5256940.36257,11.48%,39442012.73,39445736.73
FITB,-3783.0,-0.0056%,51.1,0.24%,51.2792,6835172.496246,-3.09%,68144574.57,68148357.57
TSCO,-3827.0,-0.0102%,39.57,-11.69%,40.4106,25915273.308326,148.44%,37520695.81,37524522.81
MET,-3916.0,-0.0092%,77.48,-0.28%,77.698,2315740.079057,-3.55%,42566955.7,42570871.7
MUR,-4008.0,-0.0264%,38.06,2.59%,37.7619,1676471.571572,7.64%,15152966.0,15156974.0
UPS,-4062.0,-0.0111%,106.31,-0.75%,106.3998,4080495.302688,12.16%,36715618.11,36719680.11
EOG,-4165.0,-0.0099%,132.43,2.53%,131.8875,3480383.867347,-21.06%,41977736.16,41981901.16
SLB,-4305.0,-0.0036%,52.77,1.09%,52.8967,13589123.371358,-11.46%,119635063.2,119639368.2
IP,-4309.0,-0.0101%,35.44,-3.93%,35.8121,4265737.19595,-31.53%,42471930.89,42476239.89
NKE,-4430.0,-0.0061%,46.39,-0.19%,46.4808,22189451.792196,16.78%,72154989.48,72159419.48
NWSA,-4689.0,-0.0101%,26.42,1.73%,26.3705,3739979.304006,55.79%,46295385.97,46300074.97
HRL,-4821.0,-0.0137%,21.25,-0.38%,21.3167,4671614.954745,-1.12%,35130238.33,35135059.33
HAL,-4905.0,-0.0067%,38.15,4.01%,38.1261,20597770.656011,-11.60%,73296382.68,73301287.68
CPB,-4977.0,-0.0169%,20.91,-1.65%,20.9781,7480636.416288,46.45%,29418828.26,29423805.26
MRK,-5002.0,-0.0035%,112.56,-3.88%,112.8961,12766661.387891,72.72%,143345571.1,143350573.1
AMT,-5124.0,-0.0208%,174.76,-3.80%,176.2877,3563856.594576,28.26%,24585414.66,24590538.66
KR,-5162.0,-0.0132%,68.81,1.36%,68.5094,5810061.657254,49.28%,39041286.89,39046448.89
CMG,-5416.0,-0.0070%,36.05,0.61%,36.2699,13009761.901354,12.65%,77731684.83,77737100.83
OKE,-5475.0,-0.0103%,84.69,1.09%,84.4294,3592900.732535,14.19%,53337535.78,53343010.78
DLR,-5695.0,-0.0238%,201.27,-1.29%,202.3724,2080864.701652,31.79%,23949636.91,23955331.91
VZ,-5803.0,-0.0024%,46.27,-0.37%,46.4592,28976008.247006,74.49%,236917888.44,236923691.44
GDS,-5928.0,-0.4162%,43.46,-3.25%,43.6071,1615120.576371,36.51%,1418392.0,1424320.0
RF,-5981.0,-0.0072%,28.35,0.14%,28.3952,7591440.961927,-19.75%,82861520.31,82867501.31
NFE,-6156.0,-0.0832%,0.63,-4.18%,0.6514,6493487.323504,8.28%,7392925.0,7399081.0
EXE,-6180.0,-0.0325%,94.26,-1.27%,94.4457,4609818.212661,69.98%,19030109.47,19036289.47
OVV,-6497.0,-0.0303%,54.91,2.73%,54.5444,2291494.892274,-12.61%,21443746.0,21450243.0
2330 TT,-6600.0,-1.2366%,0.0,0.00%,0.0,0.0,0.00%,527100.0,533700.0
MGY,-6724.0,-0.0262%,28.71,2.65%,28.5541,1587141.4848,-8.47%,25704589.0,25711313.0
APLD,-6796.0,-0.0554%,31.32,-2.70%,32.2411,26532442.06712,19.66%,12265642.0,12272438.0
BF/B,-6942.0,-0.0901%,0.0,0.00%,0.0,0.0,0.00%,7701345.0,7708287.0
PFE,-7328.0,-0.0025%,27.31,-0.76%,27.4023,29828829.938233,19.21%,294594011.52,294601339.52
SM,-7380.0,-0.0228%,28.08,4.27%,27.8149,4048057.171189,-15.80%,32306839.0,32314219.0
WY,-7481.0,-0.0168%,24.89,-2.16%,25.0396,4899528.397448,-0.58%,44512950.44,44520431.44
CCI,-7572.0,-0.0260%,84.92,-3.02%,85.599,3551654.674312,48.31%,29167132.56,29174704.56
RRC,-7596.0,-0.0417%,41.67,1.29%,41.4838,4017930.838985,-1.62%,18203801.0,18211397.0
AM,-7868.0,-0.0238%,20.61,-1.29%,20.5812,2626935.132078,7.73%,33027034.0,33034902.0
GEN,-7964.0,-0.0164%,19.91,-2.50%,20.148,5811559.482461,7.78%,48680235.42,48688199.42
KEY,-8099.0,-0.0089%,22.1,-0.41%,22.2385,14419189.374493,8.59%,91188325.19,91196424.19
T,-8200.0,-0.0022%,25.88,-1.15%,26.0607,44501521.780417,45.87%,371613213.18,371621413.18
BAX,-8305.0,-0.0216%,18.49,-1.86%,18.6241,7348432.4129,9.20%,38356867.84,38365172.84
HYMC,-8840.0,-0.1452%,39.41,-10.37%,40.2013,3616046.757303,94.33%,6081253.0,6090093.0
CRGY,-8874.0,-0.0230%,12.25,2.25%,12.1925,6272252.510251,-20.77%,38528443.0,38537317.0
HST,-8964.0,-0.0158%,21.12,-0.80%,21.2004,5502618.46507,21.82%,56674943.29,56683907.29
PCG,-9200.0,-0.0057%,16.98,-2.13%,17.1118,23002347.270486,16.08%,162578064.35,162587264.35
AR,-9324.0,-0.0419%,37.16,1.61%,37.0154,4985645.883158,3.86%,22227351.0,22236675.0
OXY,-9392.0,-0.0182%,56.33,3.40%,55.8618,15401200.125193,33.88%,51596852.48,51606244.48
BAC,-10000.0,-0.0027%,53.48,-0.87%,53.7102,34243250.492944,-22.14%,368359073.95,368369073.95
VTRS,-10112.0,-0.0119%,14.73,-0.94%,14.8396,11973093.270369,-6.41%,84666651.87,84676763.87
HBAN,-10354.0,-0.0065%,16.97,-0.53%,17.0711,15142064.024473,-6.74%,158776303.06,158786657.06
DVN,-10912.0,-0.0208%,45.6,1.47%,45.2527,11073848.360101,8.61%,52496339.94,52507251.94
AES,-11123.0,-0.0171%,14.44,-0.28%,14.4778,8402143.934585,56.27%,65154652.48,65165775.48
CVS,-11132.0,-0.0164%,77.36,1.02%,77.4744,7440557.455402,0.03%,67832343.58,67843475.58
APM CN,-11400.0,-0.6986%,0.0,0.00%,0.0,0.0,0.00%,1620444.0,1631844.0
MUX,-11600.0,-0.2300%,23.81,-7.68%,24.3196,926441.269426,49.14%,5032839.0,5044439.0
KMI,-11633.0,-0.0076%,31.57,-1.16%,31.5728,9963741.63596,-8.07%,153536139.94,153547772.94
EQT,-11723.0,-0.0259%,56.98,-0.04%,56.9302,8789034.493539,-6.06%,45203203.0,45214926.0
KVUE,-12583.0,-0.0094%,17.3,-1.59%,17.447,16934529.592815,22.88%,133901702.58,133914285.58
CNC,-12721.0,-0.0390%,39.14,2.17%,39.271,3656470.1692,15.56%,32599143.31,32611864.31
HPQ,-13076.0,-0.0146%,21.09,7.66%,21.0216,25659330.981502,102.14%,89447050.59,89460126.59
788 HK,-13500.0,-0.0491%,0.0,0.00%,0.0,0.0,0.00%,27508250.0,27521750.0
UNIT,-14312.0,-0.0510%,11.72,-1.76%,11.7161,2601939.383801,-23.97%,28065248.0,28079560.0
KOS,-14940.0,-0.0420%,2.65,5.16%,2.6084,11801615.481176,-18.45%,35559168.0,35574108.0
VG,-15318.0,-0.1138%,12.09,5.59%,11.9266,23387832.103005,39.79%,13443891.0,13459209.0
TFPM CN,-17200.0,-0.6984%,0.0,0.00%,0.0,0.0,0.00%,2445716.0,2462916.0
PSKY,-17614.0,-0.0334%,11.61,-1.78%,11.7357,8425995.572863,41.59%,52703962.82,52721576.82
PR,-18526.0,-0.0338%,19.91,1.58%,19.7692,12646436.16754,87.10%,54865564.0,54884090.0
VNET,-20766.0,-0.4045%,8.68,-5.65%,8.7464,10721152.93143,96.82%,5113024.0,5133790.0
SCZ CN,-21680.0,-0.6979%,0.0,0.00%,0.0,0.0,0.00%,3084661.0,3106341.0
F,-22494.0,-0.0083%,12.78,-0.70%,12.8736,32199730.928159,23.73%,269537245.87,269559739.87
CTRA,-23669.0,-0.0367%,31.85,1.37%,31.6627,5774013.728747,13.54%,64393236.42,64416905.42
GORO,-24560.0,-0.6983%,1.62,-2.41%,1.6643,2334597.12616,41.82%,3492306.0,3516866.0
NUAG CN,-26440.0,-0.6989%,0.0,0.00%,0.0,0.0,0.00%,3756772.0,3783212.0
HOC LN,-29000.0,-0.6845%,0.0,0.00%,0.0,0.0,0.00%,4207380.0,4236380.0
AYA CN,-30680.0,-0.6983%,0.0,0.00%,0.0,0.0,0.00%,4362853.0,4393533.0
PE&OLES* MM,-32000.0,-0.6975%,0.0,0.00%,0.0,0.0,0.00%,4555499.0,4587499.0
ASL AU,-33880.0,-0.6986%,0.0,0.00%,0.0,0.0,0.00%,4815818.0,4849698.0
ASM CN,-34560.0,-0.6981%,0.0,0.00%,0.0,0.0,0.00%,4915869.0,4950429.0
ABRA CN,-34960.0,-0.6981%,0.0,0.00%,0.0,0.0,0.00%,4973276.0,5008236.0
OR CN,-36760.0,-0.6986%,0.0,0.00%,0.0,0.0,0.00%,5225373.0,5262133.0
ITR CN,-41480.0,-0.6985%,0.0,0.00%,0.0,0.0,0.00%,5896861.0,5938341.0
BVN,-42680.0,-0.6982%,31.76,-9.46%,32.283,1963596.188675,56.07%,6070495.0,6113175.0
FRES LN,-43840.0,-0.6982%,0.0,0.00%,0.0,0.0,0.00%,6234767.0,6278607.0
SSRM,-52280.0,-0.3680%,29.87,-6.42%,30.5159,2615085.252508,19.04%,14152584.0,14204864.0
1686 HK,-52400.0,-0.3979%,0.0,0.00%,0.0,0.0,0.00%,13116400.0,13168800.0
USA CN,-53080.0,-0.6982%,0.0,0.00%,0.0,0.0,0.00%,7549320.0,7602400.0
SVM CN,-54680.0,-0.6986%,0.0,0.00%,0.0,0.0,0.00%,7772751.0,7827431.0
AAG CN,-55560.0,-0.6983%,0.0,0.00%,0.0,0.0,0.00%,7900993.0,7956553.0
KCN AU,-57040.0,-0.6984%,0.0,0.00%,0.0,0.0,0.00%,8109867.0,8166907.0
WPM,-62520.0,-0.6672%,141.81,-4.96%,144.1859,2657792.537892,32.12%,9308632.0,9371152.0
EXK,-64280.0,-0.6933%,9.38,-7.04%,9.7024,9619903.967792,8.63%,9207352.0,9271632.0
BRC CN,-67320.0,-0.6983%,0.0,0.00%,0.0,0.0,0.00%,9573609.0,9640929.0
VZLA CN,-69600.0,-0.6982%,0.0,0.00%,0.0,0.0,0.00%,9898559.0,9968159.0
FVI CN,-79560.0,-0.6848%,0.0,0.00%,0.0,0.0,0.00%,11537662.0,11617222.0
GGD CN,-79760.0,-0.6982%,0.0,0.00%,0.0,0.0,0.00%,11344409.0,11424169.0
PAAS,-82480.0,-0.6802%,55.61,-5.26%,56.5858,5332749.643494,64.65%,12043354.0,12125834.0
HL,-85392.0,-0.0924%,18.09,-6.41%,18.4832,14192756.903924,24.74%,92328679.0,92414071.0
USL AU,-88720.0,-0.6984%,0.0,0.00%,0.0,0.0,0.00%,12614970.0,12703690.0
SLVR CN,-91720.0,-0.6984%,0.0,0.00%,0.0,0.0,0.00%,13041884.0,13133604.0
AG CN,-98640.0,-0.6983%,0.0,0.00%,0.0,0.0,0.00%,14026467.0,14125107.0
GSVR CN,-118720.0,-0.6984%,0.0,0.00%,0.0,0.0,0.00%,16879190.0,16997910.0
CDE,-143360.0,-0.2154%,18.44,-6.77%,18.8359,22953260.054018,61.60%,66419652.0,66563012.0
KDCREIT SP,-149800.0,-0.4403%,0.0,0.00%,0.0,0.0,0.00%,33869968.0,34019768.0
DSV CN,-164440.0,-0.6982%,0.0,0.00%,0.0,0.0,0.00%,23386490.0,23550930.0
SVL AU,-441280.0,-0.6984%,0.0,0.00%,0.0,0.0,0.00%,62743232.0,63184512.0
IUGXX,-581205.9700000286,-0.1573%,0.0,0.00%,0.0,0.0,0.00%,369020797.76,369602003.73
AGPXX,-1125646.8299999833,-0.2813%,0.0,0.00%,0.0,0.0,0.00%,399011214.36,400136861.19
WFC,-2551860.0,-1.3314%,81.55,-0.51%,81.9132,17379792.76275,22.07%,189122714.97,191674574.97
